list_id,list_name,order,headword
juniorHighSchool,高校入試,1,even
juniorHighSchool,高校入試,2,such
juniorHighSchool,高校入試,3,company
juniorHighSchool,高校入試,4,part
juniorHighSchool,高校入試,5,interest
juniorHighSchool,高校入試,6,country
juniorHighSchool,高校入試,7,while
juniorHighSchool,高校入試,8,might
juniorHighSchool,高校入試,9,include
juniorHighSchool,高校入試,10,report
juniorHighSchool,高校入試,11,system
juniorHighSchool,高校入試,12,during
juniorHighSchool,高校入試,13,follow
juniorHighSchool,高校入試,14,since
juniorHighSchool,高校入試,15,few
juniorHighSchool,高校入試,16,state
juniorHighSchool,高校入試,17,fact
juniorHighSchool,高校入試,18,area
juniorHighSchool,高校入試,19,provide
juniorHighSchool,高校入試,20,without
juniorHighSchool,高校入試,21,government
juniorHighSchool,高校入試,22,issue
juniorHighSchool,高校入試,23,market
juniorHighSchool,高校入試,24,against
juniorHighSchool,高校入試,25,though
juniorHighSchool,高校入試,26,increase
juniorHighSchool,高校入試,27,lead
juniorHighSchool,高校入試,28,far
juniorHighSchool,高校入試,29,cost
juniorHighSchool,高校入試,30,less
juniorHighSchool,高校入試,31,level
juniorHighSchool,高校入試,32,experience
juniorHighSchool,高校入試,33,member
juniorHighSchool,高校入試,34,enough
juniorHighSchool,高校入試,35,able
juniorHighSchool,高校入試,36,support
juniorHighSchool,高校入試,37,quite
juniorHighSchool,高校入試,38,although
juniorHighSchool,高校入試,39,least
juniorHighSchool,高校入試,40,low
juniorHighSchool,高校入試,41,within
juniorHighSchool,高校入試,42,public
juniorHighSchool,高校入試,43,rather
juniorHighSchool,高校入試,44,view
juniorHighSchool,高校入試,45,consider
juniorHighSchool,高校入試,46,local
juniorHighSchool,高校入試,47,control
juniorHighSchool,高校入試,48,concern
juniorHighSchool,高校入試,49,product
juniorHighSchool,高校入試,50,lose
juniorHighSchool,高校入試,51,continue
juniorHighSchool,高校入試,52,whole
juniorHighSchool,高校入試,53,rate
juniorHighSchool,高校入試,54,effect
juniorHighSchool,高校入試,55,ever
juniorHighSchool,高校入試,56,cause
juniorHighSchool,高校入試,57,fall
juniorHighSchool,高校入試,58,deal
juniorHighSchool,高校入試,59,send
juniorHighSchool,高校入試,60,allow
juniorHighSchool,高校入試,61,base
juniorHighSchool,高校入試,62,power
juniorHighSchool,高校入試,63,center
juniorHighSchool,高校入試,64,return
juniorHighSchool,高校入試,65,value
juniorHighSchool,高校入試,66,record
juniorHighSchool,高校入試,67,force
juniorHighSchool,高校入試,68,several
juniorHighSchool,高校入試,69,develop
juniorHighSchool,高校入試,70,bit
juniorHighSchool,高校入試,71,figure
juniorHighSchool,高校入試,72,clear
juniorHighSchool,高校入試,73,remain
juniorHighSchool,高校入試,74,among
juniorHighSchool,高校入試,75,reach
juniorHighSchool,高校入試,76,across
juniorHighSchool,高校入試,77,create
juniorHighSchool,高校入試,78,sound
juniorHighSchool,高校入試,79,political
juniorHighSchool,高校入試,80,receive
juniorHighSchool,高校入試,81,further
juniorHighSchool,高校入試,82,appear
juniorHighSchool,高校入試,83,toward
juniorHighSchool,高校入試,84,sense
juniorHighSchool,高校入試,85,perhaps
juniorHighSchool,高校入試,86,pass
juniorHighSchool,高校入試,87,produce
juniorHighSchool,高校入試,88,law
juniorHighSchool,高校入試,89,research
juniorHighSchool,高校入試,90,position
juniorHighSchool,高校入試,91,human
juniorHighSchool,高校入試,92,situation
juniorHighSchool,高校入試,93,staff
juniorHighSchool,高校入試,94,film
juniorHighSchool,高校入試,95,account
juniorHighSchool,高校入試,96,major
juniorHighSchool,高校入試,97,sometimes
juniorHighSchool,高校入試,98,condition
juniorHighSchool,高校入試,99,certain
juniorHighSchool,高校入試,100,forward
juniorHighSchool,高校入試,101,main
juniorHighSchool,高校入試,102,die
juniorHighSchool,高校入試,103,especially
juniorHighSchool,高校入試,104,detail
juniorHighSchool,高校入試,105,model
juniorHighSchool,高校入試,106,raise
juniorHighSchool,高校入試,107,customer
juniorHighSchool,高校入試,108,land
juniorHighSchool,高校入試,109,finally
juniorHighSchool,高校入試,110,claim
juniorHighSchool,高校入試,111,death
juniorHighSchool,高校入試,112,couple
juniorHighSchool,高校入試,113,act
juniorHighSchool,高校入試,114,range
juniorHighSchool,高校入試,115,quality
juniorHighSchool,高校入試,116,round
juniorHighSchool,高校入試,117,opportunity
juniorHighSchool,高校入試,118,road
juniorHighSchool,高校入試,119,therefore
juniorHighSchool,高校入試,120,rest
juniorHighSchool,高校入試,121,education
juniorHighSchool,高校入試,122,serve
juniorHighSchool,高校入試,123,likely
juniorHighSchool,高校入試,124,national
juniorHighSchool,高校入試,125,air
juniorHighSchool,高校入試,126,trade
juniorHighSchool,高校入試,127,space
juniorHighSchool,高校入試,128,instead
juniorHighSchool,高校入試,129,realize
juniorHighSchool,高校入試,130,single
juniorHighSchool,高校入試,131,performance
juniorHighSchool,高校入試,132,chance
juniorHighSchool,高校入試,133,accept
juniorHighSchool,高校入試,134,society
juniorHighSchool,高校入試,135,mention
juniorHighSchool,高校入試,136,choice
juniorHighSchool,高校入試,137,common
juniorHighSchool,高校入試,138,material
juniorHighSchool,高校入試,139,foot
juniorHighSchool,高校入試,140,effort
juniorHighSchool,高校入試,141,attention
juniorHighSchool,高校入試,142,upon
juniorHighSchool,高校入試,143,complete
juniorHighSchool,高校入試,144,century
juniorHighSchool,高校入試,145,evidence
juniorHighSchool,高校入試,146,exist
juniorHighSchool,高校入試,147,similar
juniorHighSchool,高校入試,148,contact
juniorHighSchool,高校入試,149,response
juniorHighSchool,高校入試,150,voice
juniorHighSchool,高校入試,151,apply
juniorHighSchool,高校入試,152,president
juniorHighSchool,高校入試,153,compare
juniorHighSchool,高校入試,154,court
juniorHighSchool,高校入試,155,police
juniorHighSchool,高校入試,156,knowledge
juniorHighSchool,高校入試,157,source
juniorHighSchool,高校入試,158,manage
juniorHighSchool,高校入試,159,simply
juniorHighSchool,高校入試,160,attack
juniorHighSchool,高校入試,161,feature
juniorHighSchool,高校入試,162,recently
juniorHighSchool,高校入試,163,recent
juniorHighSchool,高校入試,164,official
juniorHighSchool,高校入試,165,private
juniorHighSchool,高校入試,166,represent
juniorHighSchool,高校入試,167,manager
juniorHighSchool,高校入試,168,international
juniorHighSchool,高校入試,169,wonder
juniorHighSchool,高校入試,170,nature
juniorHighSchool,高校入試,171,structure
juniorHighSchool,高校入試,172,exactly
juniorHighSchool,高校入試,173,plant
juniorHighSchool,高校入試,174,whatever
juniorHighSchool,高校入試,175,necessary
juniorHighSchool,高校入試,176,influence
juniorHighSchool,高校入試,177,attempt
juniorHighSchool,高校入試,178,simple
juniorHighSchool,高校入試,179,average
juniorHighSchool,高校入試,180,hit
juniorHighSchool,高校入試,181,establish
juniorHighSchool,高校入試,182,indeed
juniorHighSchool,高校入試,183,final
juniorHighSchool,高校入試,184,fit
juniorHighSchool,高校入試,185,function
juniorHighSchool,高校入試,186,image
juniorHighSchool,高校入試,187,behavior
juniorHighSchool,高校入試,188,addition
juniorHighSchool,高校入試,189,population
juniorHighSchool,高校入試,190,fail
juniorHighSchool,高校入試,191,environment
juniorHighSchool,高校入試,192,production
juniorHighSchool,高校入試,193,enter
juniorHighSchool,高校入試,194,significant
juniorHighSchool,高校入試,195,drug
juniorHighSchool,高校入試,196,direct
juniorHighSchool,高校入試,197,success
juniorHighSchool,高校入試,198,director
juniorHighSchool,高校入試,199,lack
juniorHighSchool,高校入試,200,depend
juniorHighSchool,高校入試,201,race
juniorHighSchool,高校入試,202,purpose
juniorHighSchool,高校入試,203,department
juniorHighSchool,高校入試,204,argue
juniorHighSchool,高校入試,205,mark
juniorHighSchool,高校入試,206,achieve
juniorHighSchool,高校入試,207,cent
juniorHighSchool,高校入試,208,season
juniorHighSchool,高校入試,209,stuff
juniorHighSchool,高校入試,210,wide
juniorHighSchool,高校入試,211,method
juniorHighSchool,高校入試,212,military
juniorHighSchool,高校入試,213,discussion
juniorHighSchool,高校入試,214,challenge
juniorHighSchool,高校入試,215,nation
juniorHighSchool,高校入試,216,nearly
juniorHighSchool,高校入試,217,statement
juniorHighSchool,高校入試,218,advantage
juniorHighSchool,高校入試,219,marry
juniorHighSchool,高校入試,220,strike
juniorHighSchool,高校入試,221,seek
juniorHighSchool,高校入試,222,ability
juniorHighSchool,高校入試,223,unit
juniorHighSchool,高校入試,224,release
juniorHighSchool,高校入試,225,solution
juniorHighSchool,高校入試,226,capital
juniorHighSchool,高校入試,227,popular
juniorHighSchool,高校入試,228,specific
juniorHighSchool,高校入試,229,fear
juniorHighSchool,高校入試,230,target
juniorHighSchool,高校入試,231,degree
juniorHighSchool,高校入試,232,pull
juniorHighSchool,高校入試,233,shall
juniorHighSchool,高校入試,234,modern
juniorHighSchool,高校入試,235,pressure
juniorHighSchool,高校入試,236,village
juniorHighSchool,高校入試,237,natural
juniorHighSchool,高校入試,238,express
juniorHighSchool,高校入試,239,indicate
juniorHighSchool,高校入試,240,score
juniorHighSchool,高校入試,241,organize
juniorHighSchool,高校入試,242,beyond
juniorHighSchool,高校入試,243,energy
juniorHighSchool,高校入試,244,trouble
juniorHighSchool,高校入試,245,strategy
juniorHighSchool,高校入試,246,deep
juniorHighSchool,高校入試,247,except
juniorHighSchool,高校入試,248,avoid
juniorHighSchool,高校入試,249,task
juniorHighSchool,高校入試,250,normal
juniorHighSchool,高校入試,251,style
juniorHighSchool,高校入試,252,refer
juniorHighSchool,高校入試,253,doubt
juniorHighSchool,高校入試,254,competition
juniorHighSchool,高校入試,255,argument
juniorHighSchool,高校入試,256,adult
juniorHighSchool,高校入試,257,bill
juniorHighSchool,高校入試,258,search
juniorHighSchool,高校入試,259,separate
juniorHighSchool,高校入試,260,oil
juniorHighSchool,高校入試,261,protect
juniorHighSchool,高校入試,262,author
juniorHighSchool,高校入試,263,basic
juniorHighSchool,高校入試,264,encourage
juniorHighSchool,高校入試,265,male
juniorHighSchool,高校入試,266,operate
juniorHighSchool,高校入試,267,reflect
juniorHighSchool,高校入試,268,useful
juniorHighSchool,高校入試,269,earn
juniorHighSchool,高校入試,270,perform
juniorHighSchool,高校入試,271,professional
juniorHighSchool,高校入試,272,debate
juniorHighSchool,高校入試,273,credit
juniorHighSchool,高校入試,274,discover
juniorHighSchool,高校入試,275,dead
juniorHighSchool,高校入試,276,direction
juniorHighSchool,高校入試,277,daily
juniorHighSchool,高校入試,278,screen
juniorHighSchool,高校入試,279,track
juniorHighSchool,高校入試,280,female
juniorHighSchool,高校入試,281,original
juniorHighSchool,高校入試,282,rock
juniorHighSchool,高校入試,283,university
juniorHighSchool,高校入試,284,agency
juniorHighSchool,高校入試,285,fix
juniorHighSchool,高校入試,286,ahead
juniorHighSchool,高校入試,287,cross
juniorHighSchool,高校入試,288,weight
juniorHighSchool,高校入試,289,shape
juniorHighSchool,高校入試,290,communication
juniorHighSchool,高校入試,291,agent
juniorHighSchool,高校入試,292,traditional
juniorHighSchool,高校入試,293,replace
juniorHighSchool,高校入試,294,suddenly
juniorHighSchool,高校入試,295,generation
juniorHighSchool,高校入試,296,difficulty
juniorHighSchool,高校入試,297,shoot
juniorHighSchool,高校入試,298,request
juniorHighSchool,高校入試,299,exchange
juniorHighSchool,高校入試,300,budget
uniCenter,共通テスト,1,service
uniCenter,共通テスト,2,whether
uniCenter,共通テスト,3,term
uniCenter,共通テスト,4,process
uniCenter,共通テスト,5,sort
uniCenter,共通テスト,6,development
uniCenter,共通テスト,7,per
uniCenter,共通テスト,8,involve
uniCenter,共通テスト,9,policy
uniCenter,共通テスト,10,require
uniCenter,共通テスト,11,general
uniCenter,共通テスト,12,individual
uniCenter,共通テスト,13,decision
uniCenter,共通テスト,14,available
uniCenter,共通テスト,15,rise
uniCenter,共通テスト,16,economic
uniCenter,共通テスト,17,approach
uniCenter,共通テスト,18,charge
uniCenter,共通テスト,19,relationship
uniCenter,共通テスト,20,amount
uniCenter,共通テスト,21,regard
uniCenter,共通テスト,22,organization
uniCenter,共通テスト,23,fund
uniCenter,共通テスト,24,industry
uniCenter,共通テスト,25,measure
uniCenter,共通テスト,26,security
uniCenter,共通テスト,27,benefit
uniCenter,共通テスト,28,risk
uniCenter,共通テスト,29,standard
uniCenter,共通テスト,30,percent
uniCenter,共通テスト,31,total
uniCenter,共通テスト,32,demand
uniCenter,共通テスト,33,limit
uniCenter,共通テスト,34,reduce
uniCenter,共通テスト,35,current
uniCenter,共通テスト,36,former
uniCenter,共通テスト,37,particularly
uniCenter,共通テスト,38,suppose
uniCenter,共通テスト,39,firm
uniCenter,共通テスト,40,cell
uniCenter,共通テスト,41,affect
uniCenter,共通テスト,42,relate
uniCenter,共通テスト,43,financial
uniCenter,共通テスト,44,pause
uniCenter,共通テスト,45,contain
uniCenter,共通テスト,46,press
uniCenter,共通テスト,47,region
uniCenter,共通テスト,48,growth
uniCenter,共通テスト,49,respect
uniCenter,共通テスト,50,various
uniCenter,共通テスト,51,thus
uniCenter,共通テスト,52,medium
uniCenter,共通テスト,53,management
uniCenter,共通テスト,54,economy
uniCenter,共通テスト,55,determine
uniCenter,共通テスト,56,comment
uniCenter,共通テスト,57,occur
uniCenter,共通テスト,58,series
uniCenter,共通テスト,59,recognize
uniCenter,共通テスト,60,gain
uniCenter,共通テスト,61,prove
uniCenter,共通テスト,62,analysis
uniCenter,共通テスト,63,election
uniCenter,共通テスト,64,link
uniCenter,共通テスト,65,despite
uniCenter,共通テスト,66,mile
uniCenter,共通テスト,67,agreement
uniCenter,共通テスト,68,tax
uniCenter,共通テスト,69,aim
uniCenter,共通テスト,70,access
uniCenter,共通テスト,71,movement
uniCenter,共通テスト,72,treat
uniCenter,共通テスト,73,loss
uniCenter,共通テスト,74,treatment
uniCenter,共通テスト,75,supply
uniCenter,共通テスト,76,worth
uniCenter,共通テスト,77,attend
uniCenter,共通テスト,78,potential
uniCenter,共通テスト,79,relation
uniCenter,共通テスト,80,suffer
uniCenter,共通テスト,81,tend
uniCenter,共通テスト,82,advance
uniCenter,共通テスト,83,network
uniCenter,共通テスト,84,operation
uniCenter,共通テスト,85,associate
uniCenter,共通テスト,86,positive
uniCenter,共通テスト,87,option
uniCenter,共通テスト,88,huge
uniCenter,共通テスト,89,instance
uniCenter,共通テスト,90,assume
uniCenter,共通テスト,91,theory
uniCenter,共通テスト,92,propose
uniCenter,共通テスト,93,document
uniCenter,共通テスト,94,pattern
uniCenter,共通テスト,95,application
uniCenter,共通テスト,96,unclear
uniCenter,共通テスト,97,central
uniCenter,共通テスト,98,career
uniCenter,共通テスト,99,throughout
uniCenter,共通テスト,100,resource
uniCenter,共通テスト,101,disease
uniCenter,共通テスト,102,balance
uniCenter,共通テスト,103,damage
uniCenter,共通テスト,104,basis
uniCenter,共通テスト,105,income
uniCenter,共通テスト,106,property
uniCenter,共通テスト,107,previous
uniCenter,共通テスト,108,define
uniCenter,共通テスト,109,conclusion
uniCenter,共通テスト,110,object
uniCenter,共通テスト,111,maintain
uniCenter,共通テスト,112,extend
uniCenter,共通テスト,113,possibility
uniCenter,共通テスト,114,facility
uniCenter,共通テスト,115,variety
uniCenter,共通テスト,116,responsibility
uniCenter,共通テスト,117,nor
uniCenter,共通テスト,118,legal
uniCenter,共通テスト,119,proposal
uniCenter,共通テスト,120,pound
uniCenter,共通テスト,121,immediately
uniCenter,共通テスト,122,estimate
uniCenter,共通テスト,123,announce
uniCenter,共通テスト,124,unless
uniCenter,共通テスト,125,independent
uniCenter,共通テスト,126,majority
uniCenter,共通テスト,127,stick
uniCenter,共通テスト,128,blood
uniCenter,共通テスト,129,appropriate
uniCenter,共通テスト,130,count
uniCenter,共通テスト,131,scene
uniCenter,共通テスト,132,content
uniCenter,共通テスト,133,prevent
uniCenter,共通テスト,134,mix
uniCenter,共通テスト,135,element
uniCenter,共通テスト,136,effective
uniCenter,共通テスト,137,medical
uniCenter,共通テスト,138,admit
uniCenter,共通テスト,139,beat
uniCenter,共通テスト,140,committee
uniCenter,共通テスト,141,aware
uniCenter,共通テスト,142,advice
uniCenter,共通テスト,143,handle
uniCenter,共通テスト,144,stress
uniCenter,共通テスト,145,administration
uniCenter,共通テスト,146,complex
uniCenter,共通テスト,147,text
uniCenter,共通テスト,148,context
uniCenter,共通テスト,149,remove
uniCenter,共通テスト,150,conduct
uniCenter,共通テスト,151,equipment
uniCenter,共通テスト,152,otherwise
uniCenter,共通テスト,153,title
uniCenter,共通テスト,154,extra
uniCenter,共通テスト,155,deliver
uniCenter,共通テスト,156,connection
uniCenter,共通テスト,157,inform
uniCenter,共通テスト,158,principle
uniCenter,共通テスト,159,appeal
uniCenter,共通テスト,160,highly
uniCenter,共通テスト,161,flow
uniCenter,共通テスト,162,additional
uniCenter,共通テスト,163,responsible
uniCenter,共通テスト,164,hang
uniCenter,共通テスト,165,negative
uniCenter,共通テスト,166,relative
uniCenter,共通テスト,167,alternative
uniCenter,共通テスト,168,attitude
uniCenter,共通テスト,169,double
uniCenter,共通テスト,170,observe
uniCenter,共通テスト,171,print
uniCenter,共通テスト,172,progress
uniCenter,共通テスト,173,truth
uniCenter,共通テスト,174,examine
uniCenter,共通テスト,175,lay
uniCenter,共通テスト,176,speed
uniCenter,共通テスト,177,politics
uniCenter,共通テスト,178,display
uniCenter,共通テスト,179,transfer
uniCenter,共通テスト,180,perfect
uniCenter,共通テスト,181,slightly
uniCenter,共通テスト,182,intend
uniCenter,共通テスト,183,respond
uniCenter,共通テスト,184,regular
uniCenter,共通テスト,185,physical
uniCenter,共通テスト,186,apart
uniCenter,共通テスト,187,suit
uniCenter,共通テスト,188,reveal
uniCenter,共通テスト,189,status
uniCenter,共通テスト,190,crime
uniCenter,共通テスト,191,decline
uniCenter,共通テスト,192,launch
uniCenter,共通テスト,193,warn
uniCenter,共通テスト,194,consumer
uniCenter,共通テスト,195,favor
uniCenter,共通テスト,196,eventually
uniCenter,共通テスト,197,heat
uniCenter,共通テスト,198,importance
uniCenter,共通テスト,199,distance
uniCenter,共通テスト,200,guide
uniCenter,共通テスト,201,grant
uniCenter,共通テスト,202,pain
uniCenter,共通テスト,203,mistake
uniCenter,共通テスト,204,ensure
uniCenter,共通テスト,205,satisfy
uniCenter,共通テスト,206,chief
uniCenter,共通テスト,207,expert
uniCenter,共通テスト,208,wave
uniCenter,共通テスト,209,south
uniCenter,共通テスト,210,labor
uniCenter,共通テスト,211,surface
uniCenter,共通テスト,212,edge
uniCenter,共通テスト,213,audience
uniCenter,共通テスト,214,lift
uniCenter,共通テスト,215,global
uniCenter,共通テスト,216,struggle
uniCenter,共通テスト,217,advertise
uniCenter,共通テスト,218,select
uniCenter,共通テスト,219,surround
uniCenter,共通テスト,220,extent
uniCenter,共通テスト,221,annual
uniCenter,共通テスト,222,fully
uniCenter,共通テスト,223,contrast
uniCenter,共通テスト,224,roll
uniCenter,共通テスト,225,reality
uniCenter,共通テスト,226,photograph
uniCenter,共通テスト,227,artist
uniCenter,共通テスト,228,conflict
uniCenter,共通テスト,229,entire
uniCenter,共通テスト,230,presence
uniCenter,共通テスト,231,gas
uniCenter,共通テスト,232,shift
uniCenter,共通テスト,233,net
uniCenter,共通テスト,234,category
uniCenter,共通テスト,235,secretary
uniCenter,共通テスト,236,defense
uniCenter,共通テスト,237,quick
uniCenter,共通テスト,238,spread
uniCenter,共通テスト,239,nuclear
uniCenter,共通テスト,240,scale
uniCenter,共通テスト,241,introduction
uniCenter,共通テスト,242,requirement
uniCenter,共通テスト,243,north
uniCenter,共通テスト,244,confirm
uniCenter,共通テスト,245,senior
uniCenter,共通テスト,246,transport
uniCenter,共通テスト,247,emerge
uniCenter,共通テスト,248,concept
uniCenter,共通テスト,249,survive
uniCenter,共通テスト,250,flight
uniCenter,共通テスト,251,background
uniCenter,共通テスト,252,technique
uniCenter,共通テスト,253,traffic
uniCenter,共通テスト,254,improvement
uniCenter,共通テスト,255,consequence
uniCenter,共通テスト,256,mass
uniCenter,共通テスト,257,contribute
uniCenter,共通テスト,258,failure
uniCenter,共通テスト,259,schedule
uniCenter,共通テスト,260,speaker
uniCenter,共通テスト,261,adopt
uniCenter,共通テスト,262,combine
uniCenter,共通テスト,263,waste
uniCenter,共通テスト,264,marriage
uniCenter,共通テスト,265,equal
uniCenter,共通テスト,266,expression
uniCenter,共通テスト,267,plus
uniCenter,共通テスト,268,extremely
uniCenter,共通テスト,269,commercial
uniCenter,共通テスト,270,duty
uniCenter,共通テスト,271,strength
uniCenter,共通テスト,272,connect
uniCenter,共通テスト,273,cultural
uniCenter,共通テスト,274,arrange
uniCenter,共通テスト,275,brief
uniCenter,共通テスト,276,demonstrate
uniCenter,共通テスト,277,contribution
uniCenter,共通テスト,278,appreciate
uniCenter,共通テスト,279,chapter
uniCenter,共通テスト,280,secret
uniCenter,共通テスト,281,apparently
uniCenter,共通テスト,282,novel
uniCenter,共通テスト,283,union
uniCenter,共通テスト,284,burn
uniCenter,共通テスト,285,trend
uniCenter,共通テスト,286,initial
uniCenter,共通テスト,287,critical
uniCenter,共通テスト,288,gather
uniCenter,共通テスト,289,mostly
uniCenter,共通テスト,290,earth
uniCenter,共通テスト,291,essential
uniCenter,共通テスト,292,desire
uniCenter,共通テスト,293,promote
uniCenter,共通テスト,294,path
uniCenter,共通テスト,295,attract
uniCenter,共通テスト,296,engage
uniCenter,共通テスト,297,powerful
uniCenter,共通テスト,298,crisis
uniCenter,共通テスト,299,settle
uniCenter,共通テスト,300,aid
uniCenter,共通テスト,301,twice
uniCenter,共通テスト,302,fresh
uniCenter,共通テスト,303,safety
uniCenter,共通テスト,304,insurance
uniCenter,共通テスト,305,divide
uniCenter,共通テスト,306,length
uniCenter,共通テスト,307,investigation
uniCenter,共通テスト,308,package
uniCenter,共通テスト,309,somewhere
uniCenter,共通テスト,310,expand
uniCenter,共通テスト,311,commit
uniCenter,共通テスト,312,weapon
uniCenter,共通テスト,313,relatively
uniCenter,共通テスト,314,host
uniCenter,共通テスト,315,district
uniCenter,共通テスト,316,broad
uniCenter,共通テスト,317,spirit
uniCenter,共通テスト,318,battle
uniCenter,共通テスト,319,tradition
uniCenter,共通テスト,320,hardly
uniCenter,共通テスト,321,award
uniCenter,共通テスト,322,experiment
uniCenter,共通テスト,323,consideration
uniCenter,共通テスト,324,threat
uniCenter,共通テスト,325,accident
uniCenter,共通テスト,326,impossible
uniCenter,共通テスト,327,enable
uniCenter,共通テスト,328,active
uniCenter,共通テスト,329,conclude
uniCenter,共通テスト,330,religious
uniCenter,共通テスト,331,cancer
uniCenter,共通テスト,332,convince
uniCenter,共通テスト,333,vary
uniCenter,共通テスト,334,environmental
uniCenter,共通テスト,335,volume
uniCenter,共通テスト,336,location
uniCenter,共通テスト,337,invest
uniCenter,共通テスト,338,proceed
uniCenter,共通テスト,339,opposite
uniCenter,共通テスト,340,murder
uniCenter,共通テスト,341,monitor
uniCenter,共通テスト,342,soldier
uniCenter,共通テスト,343,finance
uniCenter,共通テスト,344,shock
uniCenter,共通テスト,345,usual
uniCenter,共通テスト,346,pack
uniCenter,共通テスト,347,recall
uniCenter,共通テスト,348,cycle
uniCenter,共通テスト,349,museum
uniCenter,共通テスト,350,visitor
uniCenter,共通テスト,351,freedom
uniCenter,共通テスト,352,construction
uniCenter,共通テスト,353,objective
uniCenter,共通テスト,354,moreover
uniCenter,共通テスト,355,onto
uniCenter,共通テスト,356,historical
uniCenter,共通テスト,357,oppose
uniCenter,共通テスト,358,branch
uniCenter,共通テスト,359,vehicle
uniCenter,共通テスト,360,belong
uniCenter,共通テスト,361,taste
uniCenter,共通テスト,362,fashion
uniCenter,共通テスト,363,danger
uniCenter,共通テスト,364,bomb
uniCenter,共通テスト,365,army
uniCenter,共通テスト,366,dangerous
uniCenter,共通テスト,367,decrease
uniCenter,共通テスト,368,council
uniCenter,共通テスト,369,editor
uniCenter,共通テスト,370,generate
uniCenter,共通テスト,371,delivery
uniCenter,共通テスト,372,deny
uniCenter,共通テスト,373,violence
uniCenter,共通テスト,374,manner
uniCenter,共通テスト,375,gun
uniCenter,共通テスト,376,square
uniCenter,共通テスト,377,occasion
uniCenter,共通テスト,378,ignore
uniCenter,共通テスト,379,destroy
uniCenter,共通テスト,380,affair
uniCenter,共通テスト,381,civil
uniCenter,共通テスト,382,locate
uniCenter,共通テスト,383,citizen
uniCenter,共通テスト,384,temperature
uniCenter,共通テスト,385,load
uniCenter,共通テスト,386,belief
uniCenter,共通テスト,387,remind
uniCenter,共通テスト,388,arrangement
uniCenter,共通テスト,389,skin
uniCenter,共通テスト,390,prison
uniCenter,共通テスト,391,switch
uniCenter,共通テスト,392,acquire
uniCenter,共通テスト,393,fairly
uniCenter,共通テスト,394,wood
uniCenter,共通テスト,395,participate
uniCenter,共通テスト,396,tear
uniCenter,共通テスト,397,representative
uniCenter,共通テスト,398,capacity
uniCenter,共通テスト,399,border
uniCenter,共通テスト,400,ad
uniStandard,大学入試 標準,1,community
uniStandard,大学入試 標準,2,particular
uniStandard,大学入試 標準,3,project
uniStandard,大学入試 標準,4,data
uniStandard,大学入試 標準,5,employee
uniStandard,大学入試 標準,6,factor
uniStandard,大学入試 標準,7,campaign
uniStandard,大学入試 標準,8,stock
uniStandard,大学入試 標準,9,contract
uniStandard,大学入試 標準,10,identify
uniStandard,大学入試 標準,11,conference
uniStandard,大学入試 標準,12,investment
uniStandard,大学入試 標準,13,reference
uniStandard,大学入試 標準,14,profit
uniStandard,大学入試 標準,15,candidate
uniStandard,大学入試 標準,16,version
uniStandard,大学入試 標準,17,purchase
uniStandard,大学入試 標準,18,trial
uniStandard,大学入試 標準,19,executive
uniStandard,大学入試 標準,20,primary
uniStandard,大学入試 標準,21,overall
uniStandard,大学入試 標準,22,user
uniStandard,大学入試 標準,23,federal
uniStandard,大学入試 標準,24,percentage
uniStandard,大学入試 標準,25,decade
uniStandard,大学入試 標準,26,institution
uniStandard,大学入試 標準,27,sector
uniStandard,大学入試 標準,28,procedure
uniStandard,大学入試 標準,29,reform
uniStandard,大学入試 標準,30,neither
uniStandard,大学入試 標準,31,circumstance
uniStandard,大学入試 標準,32,reaction
uniStandard,大学入試 標準,33,colleague
uniStandard,大学入試 標準,34,scheme
uniStandard,大学入試 標準,35,payment
uniStandard,大学入試 標準,36,employ
uniStandard,大学入試 標準,37,actual
uniStandard,大学入試 標準,38,revenue
uniStandard,大学入試 標準,39,whereas
uniStandard,大学入試 標準,40,manufacture
uniStandard,大学入試 標準,41,route
uniStandard,大学入試 標準,42,bind
uniStandard,大学入試 標準,43,quote
uniStandard,大学入試 標準,44,minister
uniStandard,大学入試 標準,45,domestic
uniStandard,大学入試 標準,46,troop
uniStandard,大学入試 標準,47,technical
uniStandard,大学入試 標準,48,corporate
uniStandard,大学入試 標準,49,tough
uniStandard,大学入試 標準,50,assessment
uniStandard,大学入試 標準,51,fee
uniStandard,大学入試 標準,52,regulation
uniStandard,大学入試 標準,53,escape
uniStandard,大学入試 標準,54,proper
uniStandard,大学入試 標準,55,tourist
uniStandard,大学入試 標準,56,component
uniStandard,大学入試 標準,57,afford
uniStandard,大学入試 標準,58,lawyer
uniStandard,大学入試 標準,59,suspect
uniStandard,大学入試 標準,60,description
uniStandard,大学入試 標準,61,confidence
uniStandard,大学入試 標準,62,industrial
uniStandard,大学入試 標準,63,perspective
uniStandard,大学入試 標準,64,error
uniStandard,大学入試 標準,65,arrest
uniStandard,大学入試 標準,66,assess
uniStandard,大学入試 標準,67,register
uniStandard,大学入試 標準,68,asset
uniStandard,大学入試 標準,69,signal
uniStandard,大学入試 標準,70,finger
uniStandard,大学入試 標準,71,relevant
uniStandard,大学入試 標準,72,explore
uniStandard,大学入試 標準,73,leadership
uniStandard,大学入試 標準,74,commitment
uniStandard,大学入試 標準,75,necessarily
uniStandard,大学入試 標準,76,frame
uniStandard,大学入試 標準,77,slowly
uniStandard,大学入試 標準,78,bond
uniStandard,大学入試 標準,79,hire
uniStandard,大学入試 標準,80,tie
uniStandard,大学入試 標準,81,internal
uniStandard,大学入試 標準,82,chain
uniStandard,大学入試 標準,83,literature
uniStandard,大学入試 標準,84,victim
uniStandard,大学入試 標準,85,threaten
uniStandard,大学入試 標準,86,division
uniStandard,大学入試 標準,87,secure
uniStandard,大学入試 標準,88,amaze
uniStandard,大学入試 標準,89,device
uniStandard,大学入試 標準,90,forest
uniStandard,大学入試 標準,91,label
uniStandard,大学入試 標準,92,root
uniStandard,大学入試 標準,93,expense
uniStandard,大学入試 標準,94,channel
uniStandard,大学入試 標準,95,investigate
uniStandard,大学入試 標準,96,recommendation
uniStandard,大学入試 標準,97,rank
uniStandard,大学入試 標準,98,typical
uniStandard,大学入試 標準,99,west
uniStandard,大学入試 標準,100,resident
uniStandard,大学入試 標準,101,provision
uniStandard,大学入試 標準,102,concentrate
uniStandard,大学入試 標準,103,plenty
uniStandard,大学入試 標準,104,export
uniStandard,大学入試 標準,105,strongly
uniStandard,大学入試 標準,106,consist
uniStandard,大学入試 標準,107,graduate
uniStandard,大学入試 標準,108,brand
uniStandard,大学入試 標準,109,moral
uniStandard,大学入試 標準,110,insist
uniStandard,大学入試 標準,111,combination
uniStandard,大学入試 標準,112,abuse
uniStandard,大学入試 標準,113,principal
uniStandard,大学入試 標準,114,master
uniStandard,大学入試 標準,115,session
uniStandard,大学入試 標準,116,nevertheless
uniStandard,大学入試 標準,117,predict
uniStandard,大学入試 標準,118,protection
uniStandard,大学入試 標準,119,largely
uniStandard,大学入試 標準,120,rent
uniStandard,大学入試 標準,121,shot
uniStandard,大学入試 標準,122,appearance
uniStandard,大学入試 標準,123,reasonable
uniStandard,大学入試 標準,124,guarantee
uniStandard,大学入試 標準,125,till
uniStandard,大学入試 標準,126,theme
uniStandard,大学入試 標準,127,judgment
uniStandard,大学入試 標準,128,odd
uniStandard,大学入試 標準,129,approve
uniStandard,大学入試 標準,130,loan
uniStandard,大学入試 標準,131,definition
uniStandard,大学入試 標準,132,elect
uniStandard,大学入試 標準,133,atmosphere
uniStandard,大学入試 標準,134,comparison
uniStandard,大学入試 標準,135,characteristic
uniStandard,大学入試 標準,136,license
uniStandard,大学入試 標準,137,rely
uniStandard,大学入試 標準,138,narrow
uniStandard,大学入試 標準,139,succeed
uniStandard,大学入試 標準,140,identity
uniStandard,大学入試 標準,141,permit
uniStandard,大学入試 標準,142,wild
uniStandard,大学入試 標準,143,empty
uniStandard,大学入試 標準,144,commission
uniStandard,大学入試 標準,145,unique
uniStandard,大学入試 標準,146,association
uniStandard,大学入試 標準,147,instrument
uniStandard,大学入試 標準,148,investor
uniStandard,大学入試 標準,149,practical
uniStandard,大学入試 標準,150,soft
uniStandard,大学入試 標準,151,youth
uniStandard,大学入試 標準,152,lock
uniStandard,大学入試 標準,153,fuel
uniStandard,大学入試 標準,154,expectation
uniStandard,大学入試 標準,155,employment
uniStandard,大学入試 標準,156,breath
uniStandard,大学入試 標準,157,increasingly
uniStandard,大学入試 標準,158,import
uniStandard,大学入試 標準,159,sheet
uniStandard,大学入試 標準,160,cast
uniStandard,大学入試 標準,161,notion
uniStandard,大学入試 標準,162,conservative
uniStandard,大学入試 標準,163,journey
uniStandard,大学入試 標準,164,opposition
uniStandard,大学入試 標準,165,relief
uniStandard,大学入試 標準,166,debt
uniStandard,大学入試 標準,167,honor
uniStandard,大学入試 標準,168,outcome
uniStandard,大学入試 標準,169,blame
uniStandard,大学入試 標準,170,explanation
uniStandard,大学入試 標準,171,arise
uniStandard,大学入試 標準,172,musical
uniStandard,大学入試 標準,173,recover
uniStandard,大学入試 標準,174,stretch
uniStandard,大学入試 標準,175,declare
uniStandard,大学入試 標準,176,retire
uniStandard,大学入試 標準,177,tiny
uniStandard,大学入試 標準,178,suitable
uniStandard,大学入試 標準,179,native
uniStandard,大学入試 標準,180,analyze
uniStandard,大学入試 標準,181,witness
uniStandard,大学入試 標準,182,researcher
uniStandard,大学入試 標準,183,ordinary
uniStandard,大学入試 標準,184,selection
uniStandard,大学入試 標準,185,anywhere
uniStandard,大学入試 標準,186,mental
uniStandard,大学入試 標準,187,participant
uniStandard,大学入試 標準,188,vision
uniStandard,大学入試 標準,189,personality
uniStandard,大学入試 標準,190,entry
uniStandard,大学入試 標準,191,fellow
uniStandard,大学入試 標準,192,chemical
uniStandard,大学入試 標準,193,capture
uniStandard,大学入試 標準,194,tip
uniStandard,大学入試 標準,195,discount
uniStandard,大学入試 標準,196,peak
uniStandard,大学入試 標準,197,chairman
uniStandard,大学入試 標準,198,proportion
uniStandard,大学入試 標準,199,disappear
uniStandard,大学入試 標準,200,shout
uniStandard,大学入試 標準,201,constant
uniStandard,大学入試 標準,202,considerable
uniStandard,大学入試 標準,203,instruction
uniStandard,大学入試 標準,204,intelligence
uniStandard,大学入試 標準,205,folk
uniStandard,大学入試 標準,206,guard
uniStandard,大学入試 標準,207,somewhat
uniStandard,大学入試 標準,208,presentation
uniStandard,大学入試 標準,209,joint
uniStandard,大学入試 標準,210,compete
uniStandard,大学入試 標準,211,poll
uniStandard,大学入試 標準,212,weak
uniStandard,大学入試 標準,213,faith
uniStandard,大学入試 標準,214,reduction
uniStandard,大学入試 標準,215,reserve
uniStandard,大学入試 標準,216,complaint
uniStandard,大学入試 標準,217,bore
uniStandard,大学入試 標準,218,mission
uniStandard,大学入試 標準,219,somehow
uniStandard,大学入試 標準,220,tone
uniStandard,大学入試 標準,221,neighborhood
uniStandard,大学入試 標準,222,passenger
uniStandard,大学入試 標準,223,justice
uniStandard,大学入試 標準,224,phase
uniStandard,大学入試 標準,225,formal
uniStandard,大学入試 標準,226,religion
uniStandard,大学入試 標準,227,employer
uniStandard,大学入試 標準,228,reject
uniStandard,大学入試 標準,229,latter
uniStandard,大学入試 標準,230,plate
uniStandard,大学入試 標準,231,ban
uniStandard,大学入試 標準,232,steal
uniStandard,大学入試 標準,233,protest
uniStandard,大学入試 標準,234,index
uniStandard,大学入試 標準,235,frequently
uniStandard,大学入試 標準,236,command
uniStandard,大学入試 標準,237,attractive
uniStandard,大学入試 標準,238,impression
uniStandard,大学入試 標準,239,unable
uniStandard,大学入試 標準,240,column
uniStandard,大学入試 標準,241,electronic
uniStandard,大学入試 標準,242,impose
uniStandard,大学入試 標準,243,criminal
uniStandard,大学入試 標準,244,besides
uniStandard,大学入試 標準,245,ancient
uniStandard,大学入試 標準,246,coast
uniStandard,大学入試 標準,247,ill
uniStandard,大学入試 標準,248,closely
uniStandard,大学入試 標準,249,multiple
uniStandard,大学入試 標準,250,yield
uniStandard,大学入試 標準,251,via
uniStandard,大学入試 標準,252,legislation
uniStandard,大学入試 標準,253,county
uniStandard,大学入試 標準,254,unlike
uniStandard,大学入試 標準,255,assistant
uniStandard,大学入試 標準,256,implement
uniStandard,大学入試 標準,257,chart
uniStandard,大学入試 標準,258,attach
uniStandard,大学入試 標準,259,advise
uniStandard,大学入試 標準,260,household
uniStandard,大学入試 標準,261,acknowledge
uniStandard,大学入試 標準,262,reward
uniStandard,大学入試 標準,263,east
uniStandard,大学入試 標準,264,academic
uniStandard,大学入試 標準,265,voter
uniStandard,大学入試 標準,266,meanwhile
uniStandard,大学入試 標準,267,furthermore
uniStandard,大学入試 標準,268,accuse
uniStandard,大学入試 標準,269,scientific
uniStandard,大学入試 標準,270,wage
uniStandard,大学入試 標準,271,absence
uniStandard,大学入試 標準,272,construct
uniStandard,大学入試 標準,273,remark
uniStandard,大学入試 標準,274,professor
uniStandard,大学入試 標準,275,rare
uniStandard,大学入試 標準,276,intention
uniStandard,大学入試 標準,277,dozen
uniStandard,大学入試 標準,278,settlement
uniStandard,大学入試 標準,279,gap
uniStandard,大学入試 標準,280,minimum
uniStandard,大学入試 標準,281,northern
uniStandard,大学入試 標準,282,estate
uniStandard,大学入試 標準,283,expose
uniStandard,大学入試 標準,284,alive
uniStandard,大学入試 標準,285,shut
uniStandard,大学入試 標準,286,victory
uniStandard,大学入試 標準,287,resolve
uniStandard,大学入試 標準,288,critic
uniStandard,大学入試 標準,289,variable
uniStandard,大学入試 標準,290,enormous
uniStandard,大学入試 標準,291,permanent
uniStandard,大学入試 標準,292,emotion
uniStandard,大学入試 標準,293,pursue
uniStandard,大学入試 標準,294,urge
uniStandard,大学入試 標準,295,enemy
uniStandard,大学入試 標準,296,appoint
uniStandard,大学入試 標準,297,talent
uniStandard,大学入試 標準,298,prior
uniStandard,大学入試 標準,299,priority
uniStandard,大学入試 標準,300,phrase
uniStandard,大学入試 標準,301,stable
uniStandard,大学入試 標準,302,merely
uniStandard,大学入試 標準,303,resolution
uniStandard,大学入試 標準,304,communicate
uniStandard,大学入試 標準,305,injury
uniStandard,大学入試 標準,306,vast
uniStandard,大学入試 標準,307,exhibition
uniStandard,大学入試 標準,308,producer
uniStandard,大学入試 標準,309,regional
uniStandard,大学入試 標準,310,immediate
uniStandard,大学入試 標準,311,incident
uniStandard,大学入試 標準,312,childhood
uniStandard,大学入試 標準,313,draft
uniStandard,大学入試 標準,314,slip
uniStandard,大学入試 標準,315,accompany
uniStandard,大学入試 標準,316,politician
uniStandard,大学入試 標準,317,knock
uniStandard,大学入試 標準,318,seed
uniStandard,大学入試 標準,319,salary
uniStandard,大学入試 標準,320,illustrate
uniStandard,大学入試 標準,321,imply
uniStandard,大学入試 標準,322,temporary
uniStandard,大学入試 標準,323,liberal
uniStandard,大学入試 標準,324,lake
uniStandard,大学入試 標準,325,qualify
uniStandard,大学入試 標準,326,competitive
uniStandard,大学入試 標準,327,truly
uniStandard,大学入試 標準,328,disk
uniStandard,大学入試 標準,329,core
uniStandard,大学入試 標準,330,emotional
uniStandard,大学入試 標準,331,aircraft
uniStandard,大学入試 標準,332,metal
uniStandard,大学入試 標準,333,existence
uniStandard,大学入試 標準,334,panel
uniStandard,大学入試 標準,335,prime
uniStandard,大学入試 標準,336,emphasize
uniStandard,大学入試 標準,337,maximum
uniStandard,大学入試 標準,338,elsewhere
uniStandard,大学入試 標準,339,initiative
uniStandard,大学入試 標準,340,sharp
uniStandard,大学入試 標準,341,diet
uniStandard,大学入試 標準,342,motion
uniStandard,大学入試 標準,343,complicate
uniStandard,大学入試 標準,344,discipline
uniStandard,大学入試 標準,345,disappoint
uniStandard,大学入試 標準,346,boss
uniStandard,大学入試 標準,347,assumption
uniStandard,大学入試 標準,348,freeze
uniStandard,大学入試 標準,349,extreme
uniStandard,大学入試 標準,350,passage
uniStandard,大学入試 標準,351,reputation
uniStandard,大学入試 標準,352,forth
uniStandard,大学入試 標準,353,negotiation
uniStandard,大学入試 標準,354,democracy
uniStandard,大学入試 標準,355,crash
uniStandard,大学入試 標準,356,observation
uniStandard,大学入試 標準,357,concentration
uniStandard,大学入試 標準,358,implication
uniStandard,大学入試 標準,359,deserve
uniStandard,大学入試 標準,360,unusual
uniStandard,大学入試 標準,361,defend
uniStandard,大学入試 標準,362,classic
uniStandard,大学入試 標準,363,interaction
uniStandard,大学入試 標準,364,repair
uniStandard,大学入試 標準,365,collapse
uniStandard,大学入試 標準,366,fundamental
uniStandard,大学入試 標準,367,abroad
uniStandard,大学入試 標準,368,emergency
uniStandard,大学入試 標準,369,educational
uniStandard,大学入試 標準,370,slide
uniStandard,大学入試 標準,371,winner
uniStandard,大学入試 標準,372,confuse
uniStandard,大学入試 標準,373,beauty
uniStandard,大学入試 標準,374,split
uniStandard,大学入試 標準,375,sudden
uniStandard,大学入試 標準,376,advertisement
uniStandard,大学入試 標準,377,secondly
uniStandard,大学入試 標準,378,silence
uniStandard,大学入試 標準,379,landscape
uniStandard,大学入試 標準,380,fault
uniStandard,大学入試 標準,381,storm
uniStandard,大学入試 標準,382,roof
uniStandard,大学入試 標準,383,silver
uniStandard,大学入試 標準,384,entertainment
uniStandard,大学入試 標準,385,unknown
uniStandard,大学入試 標準,386,zone
uniStandard,大学入試 標準,387,inch
uniStandard,大学入試 標準,388,elderly
uniStandard,大学入試 標準,389,uniform
uniStandard,大学入試 標準,390,gate
uniStandard,大学入試 標準,391,mood
uniStandard,大学入試 標準,392,episode
uniStandard,大学入試 標準,393,wet
uniStandard,大学入試 標準,394,string
uniStandard,大学入試 標準,395,sink
uniStandard,大学入試 標準,396,anymore
uniStandard,大学入試 標準,397,hero
uniStandard,大学入試 標準,398,meter
uniStandard,大学入試 標準,399,heavily
uniStandard,大学入試 標準,400,terrorist
uniStandard,大学入試 標準,401,pour
uniStandard,大学入試 標準,402,western
uniStandard,大学入試 標準,403,badly
uniStandard,大学入試 標準,404,essay
uniStandard,大学入試 標準,405,scream
uniStandard,大学入試 標準,406,furniture
uniStandard,大学入試 標準,407,symbol
uniStandard,大学入試 標準,408,apartment
uniStandard,大学入試 標準,409,trap
uniStandard,大学入試 標準,410,loose
uniStandard,大学入試 標準,411,wealth
uniStandard,大学入試 標準,412,gradually
uniStandard,大学入試 標準,413,tune
uniStandard,大学入試 標準,414,frighten
uniStandard,大学入試 標準,415,brilliant
uniStandard,大学入試 標準,416,mirror
uniStandard,大学入試 標準,417,adjust
uniStandard,大学入試 標準,418,creative
uniStandard,大学入試 標準,419,nowadays
uniStandard,大学入試 標準,420,confident
uniStandard,大学入試 標準,421,planet
uniStandard,大学入試 標準,422,entrance
uniStandard,大学入試 標準,423,independence
uniStandard,大学入試 標準,424,inner
uniStandard,大学入試 標準,425,harm
uniStandard,大学入試 標準,426,shadow
uniStandard,大学入試 標準,427,smooth
uniStandard,大学入試 標準,428,impress
uniStandard,大学入試 標準,429,exam
uniStandard,大学入試 標準,430,bend
uniStandard,大学入試 標準,431,alarm
uniStandard,大学入試 標準,432,disturb
uniStandard,大学入試 標準,433,flood
uniStandard,大学入試 標準,434,gender
uniStandard,大学入試 標準,435,desert
uniStandard,大学入試 標準,436,criticize
uniStandard,大学入試 標準,437,tap
uniStandard,大学入試 標準,438,lip
uniStandard,大学入試 標準,439,apologize
uniStandard,大学入試 標準,440,pleasant
uniStandard,大学入試 標準,441,overseas
uniStandard,大学入試 標準,442,summary
uniStandard,大学入試 標準,443,teenager
uniStandard,大学入試 標準,444,admire
uniStandard,大学入試 標準,445,illegal
uniStandard,大学入試 標準,446,cigarette
uniStandard,大学入試 標準,447,custom
uniStandard,大学入試 標準,448,ruin
uniStandard,大学入試 標準,449,bury
uniStandard,大学入試 標準,450,permission
uniStandard,大学入試 標準,451,valley
uniStandard,大学入試 標準,452,float
uniStandard,大学入試 標準,453,greatly
uniStandard,大学入試 標準,454,electric
uniStandard,大学入試 標準,455,violent
uniStandard,大学入試 標準,456,slave
uniStandard,大学入試 標準,457,architecture
uniStandard,大学入試 標準,458,acceptable
uniStandard,大学入試 標準,459,successfully
uniStandard,大学入試 標準,460,dust
uniStandard,大学入試 標準,461,salt
uniStandard,大学入試 標準,462,gallery
uniStandard,大学入試 標準,463,chest
uniStandard,大学入試 標準,464,weigh
uniStandard,大学入試 標準,465,friendship
uniStandard,大学入試 標準,466,injure
uniStandard,大学入試 標準,467,remote
uniStandard,大学入試 標準,468,imagination
uniStandard,大学入試 標準,469,disagree
uniStandard,大学入試 標準,470,forever
uniStandard,大学入試 標準,471,joy
uniStandard,大学入試 標準,472,fortune
uniStandard,大学入試 標準,473,pile
uniStandard,大学入試 標準,474,automatically
uniStandard,大学入試 標準,475,creature
uniStandard,大学入試 標準,476,fancy
uniStandard,大学入試 標準,477,sake
uniStandard,大学入試 標準,478,wooden
uniStandard,大学入試 標準,479,pretend
uniStandard,大学入試 標準,480,pride
uniStandard,大学入試 標準,481,shell
uniStandard,大学入試 標準,482,wise
uniStandard,大学入試 標準,483,magic
uniStandard,大学入試 標準,484,mystery
uniStandard,大学入試 標準,485,coin
uniStandard,大学入試 標準,486,trick
uniStandard,大学入試 標準,487,maker
uniStandard,大学入試 標準,488,belt
uniStandard,大学入試 標準,489,invent
uniStandard,大学入試 標準,490,stair
uniStandard,大学入試 標準,491,shine
uniStandard,大学入試 標準,492,romantic
uniStandard,大学入試 標準,493,stomach
uniStandard,大学入試 標準,494,championship
uniStandard,大学入試 標準,495,golden
uniStandard,大学入試 標準,496,stamp
uniStandard,大学入試 標準,497,envelope
uniStandard,大学入試 標準,498,weekly
uniStandard,大学入試 標準,499,bite
uniStandard,大学入試 標準,500,anxious
uniAdvanced,大学入試 難関,1,mechanism
uniAdvanced,大学入試 難関,2,soul
uniAdvanced,大学入試 難関,3,capable
uniAdvanced,大学入試 難関,4,defeat
uniAdvanced,大学入試 難関,5,presidential
uniAdvanced,大学入試 難関,6,enhance
uniAdvanced,大学入試 難関,7,distinguish
uniAdvanced,大学入試 難関,8,substantial
uniAdvanced,大学入試 難関,9,nearby
uniAdvanced,大学入試 難関,10,manufacturer
uniAdvanced,大学入試 難関,11,valuable
uniAdvanced,大学入試 難関,12,personally
uniAdvanced,大学入試 難関,13,cope
uniAdvanced,大学入試 難関,14,approximately
uniAdvanced,大学入試 難関,15,accommodation
uniAdvanced,大学入試 難関,16,highlight
uniAdvanced,大学入試 難関,17,climate
uniAdvanced,大学入試 難関,18,exception
uniAdvanced,大学入試 難関,19,corporation
uniAdvanced,大学入試 難関,20,chip
uniAdvanced,大学入試 難関,21,encounter
uniAdvanced,大学入試 難関,22,urban
uniAdvanced,大学入試 難関,23,southern
uniAdvanced,大学入試 難関,24,output
uniAdvanced,大学入試 難関,25,massive
uniAdvanced,大学入試 難関,26,install
uniAdvanced,大学入試 難関,27,calculate
uniAdvanced,大学入試 難関,28,mathematics
uniAdvanced,大学入試 難関,29,upper
uniAdvanced,大学入試 難関,30,creation
uniAdvanced,大学入試 難関,31,occupy
uniAdvanced,大学入試 難関,32,outline
uniAdvanced,大学入試 難関,33,sufficient
uniAdvanced,大学入試 難関,34,update
uniAdvanced,大学入試 難関,35,preserve
uniAdvanced,大学入試 難関,36,swing
uniAdvanced,大学入試 難関,37,illness
uniAdvanced,大学入試 難関,38,journalist
uniAdvanced,大学入試 難関,39,consistent
uniAdvanced,大学入試 難関,40,aside
uniAdvanced,大学入試 難関,41,comfort
uniAdvanced,大学入試 難関,42,severe
uniAdvanced,大学入試 難関,43,gene
uniAdvanced,大学入試 難関,44,prospect
uniAdvanced,大学入試 難関,45,plot
uniAdvanced,大学入試 難関,46,criteria
uniAdvanced,大学入試 難関,47,integrate
uniAdvanced,大学入試 難関,48,criticism
uniAdvanced,大学入試 難関,49,convention
uniAdvanced,大学入試 難関,50,bet
uniAdvanced,大学入試 難関,51,retain
uniAdvanced,大学入試 難関,52,sequence
uniAdvanced,大学入試 難関,53,plain
uniAdvanced,大学入試 難関,54,volunteer
uniAdvanced,大学入試 難関,55,rural
uniAdvanced,大学入試 難関,56,calm
uniAdvanced,大学入試 難関,57,abandon
uniAdvanced,大学入試 難関,58,examination
uniAdvanced,大学入試 難関,59,rapidly
uniAdvanced,大学入試 難関,60,efficient
uniAdvanced,大学入試 難関,61,revolution
uniAdvanced,大学入試 難関,62,delight
uniAdvanced,大学入試 難関,63,premise
uniAdvanced,大学入試 難関,64,lean
uniAdvanced,大学入試 難関,65,dramatic
uniAdvanced,大学入試 難関,66,differ
uniAdvanced,大学入試 難関,67,protein
uniAdvanced,大学入試 難関,68,distribute
uniAdvanced,大学入試 難関,69,intellectual
uniAdvanced,大学入試 難関,70,derive
uniAdvanced,大学入試 難関,71,crucial
uniAdvanced,大学入試 難関,72,unemployment
uniAdvanced,大学入試 難関,73,crop
uniAdvanced,大学入試 難関,74,minority
uniAdvanced,大学入試 難関,75,origin
uniAdvanced,大学入試 難関,76,interpretation
uniAdvanced,大学入試 難関,77,gentleman
uniAdvanced,大学入試 難関,78,educate
uniAdvanced,大学入試 難関,79,exhibit
uniAdvanced,大学入試 難関,80,minor
uniAdvanced,大学入試 難関,81,hunt
uniAdvanced,大学入試 難関,82,achievement
uniAdvanced,大学入試 難関,83,negotiate
uniAdvanced,大学入試 難関,84,dominate
uniAdvanced,大学入試 難関,85,supplier
uniAdvanced,大学入試 難関,86,prize
uniAdvanced,大学入試 難関,87,peer
uniAdvanced,大学入試 難関,88,pension
uniAdvanced,大学入試 難関,89,wing
uniAdvanced,大学入試 難関,90,acquisition
uniAdvanced,大学入試 難関,91,laughter
uniAdvanced,大学入試 難関,92,recognition
uniAdvanced,大学入試 難関,93,electricity
uniAdvanced,大学入試 難関,94,assistance
uniAdvanced,大学入試 難関,95,retirement
uniAdvanced,大学入試 難関,96,respectively
uniAdvanced,大学入試 難関,97,variation
uniAdvanced,大学入試 難関,98,ultimately
uniAdvanced,大学入試 難関,99,proof
uniAdvanced,大学入試 難関,100,soil
uniAdvanced,大学入試 難関,101,layer
uniAdvanced,大学入試 難関,102,representation
uniAdvanced,大学入試 難関,103,preparation
uniAdvanced,大学入試 難関,104,dispute
uniAdvanced,大学入試 難関,105,agenda
uniAdvanced,大学入試 難関,106,emphasis
uniAdvanced,大学入試 難関,107,edition
uniAdvanced,大学入試 難関,108,undertake
uniAdvanced,大学入試 難関,109,retail
uniAdvanced,大学入試 難関,110,wire
uniAdvanced,大学入試 難関,111,publication
uniAdvanced,大学入試 難関,112,slight
uniAdvanced,大学入試 難関,113,framework
uniAdvanced,大学入試 難関,114,restrict
uniAdvanced,大学入試 難関,115,trace
uniAdvanced,大学入試 難関,116,equivalent
uniAdvanced,大学入試 難関,117,solid
uniAdvanced,大学入試 難関,118,enterprise
uniAdvanced,大学入試 難関,119,owe
uniAdvanced,大学入試 難関,120,governor
uniAdvanced,大学入試 難関,121,port
uniAdvanced,大学入試 難関,122,pitch
uniAdvanced,大学入試 難関,123,arrival
uniAdvanced,大学入試 難関,124,contemporary
uniAdvanced,大学入試 難関,125,ease
uniAdvanced,大学入試 難関,126,specialist
uniAdvanced,大学入試 難関,127,assure
uniAdvanced,大学入試 難関,128,profile
uniAdvanced,大学入試 難関,129,crack
uniAdvanced,大学入試 難関,130,numerous
uniAdvanced,大学入試 難関,131,submit
uniAdvanced,大学入試 難関,132,symptom
uniAdvanced,大学入試 難関,133,virtually
uniAdvanced,大学入試 難関,134,era
uniAdvanced,大学入試 難関,135,coverage
uniAdvanced,大学入試 難関,136,tension
uniAdvanced,大学入試 難関,137,cable
uniAdvanced,大学入試 難関,138,sensitive
uniAdvanced,大学入試 難関,139,input
uniAdvanced,大学入試 難関,140,isolate
uniAdvanced,大学入試 難関,141,prisoner
uniAdvanced,大学入試 難関,142,eliminate
uniAdvanced,大学入試 難関,143,secondary
uniAdvanced,大学入試 難関,144,welfare
uniAdvanced,大学入試 難関,145,recruit
uniAdvanced,大学入試 難関,146,exclude
uniAdvanced,大学入試 難関,147,persuade
uniAdvanced,大学入試 難関,148,inspire
uniAdvanced,大学入試 難関,149,grand
uniAdvanced,大学入試 難関,150,hence
uniAdvanced,大学入試 難関,151,crew
uniAdvanced,大学入試 難関,152,phenomenon
uniAdvanced,大学入試 難関,153,pupil
uniAdvanced,大学入試 難関,154,assist
uniAdvanced,大学入試 難関,155,restore
uniAdvanced,大学入試 難関,156,formula
uniAdvanced,大学入試 難関,157,alter
uniAdvanced,大学入試 難関,158,perceive
uniAdvanced,大学入試 難関,159,routine
uniAdvanced,大学入試 難関,160,stare
uniAdvanced,大学入試 難関,161,supporter
uniAdvanced,大学入試 難関,162,convert
uniAdvanced,大学入試 難関,163,steady
uniAdvanced,大学入試 難関,164,sail
uniAdvanced,大学入試 難関,165,disaster
uniAdvanced,大学入試 難関,166,pace
uniAdvanced,大学入試 難関,167,devote
uniAdvanced,大学入試 難関,168,justify
uniAdvanced,大学入試 難関,169,vital
uniAdvanced,大学入試 難関,170,fascinate
uniAdvanced,大学入試 難関,171,external
uniAdvanced,大学入試 難関,172,spare
uniAdvanced,大学入試 難関,173,whenever
uniAdvanced,大学入試 難関,174,depression
uniAdvanced,大学入試 難関,175,guilty
uniAdvanced,大学入試 難関,176,distinction
uniAdvanced,大学入試 難関,177,satisfaction
uniAdvanced,大学入試 難関,178,incorporate
uniAdvanced,大学入試 難関,179,sweep
uniAdvanced,大学入試 難関,180,obligation
uniAdvanced,大学入試 難関,181,evaluate
uniAdvanced,大学入試 難関,182,anger
uniAdvanced,大学入試 難関,183,perception
uniAdvanced,大学入試 難関,184,currency
uniAdvanced,大学入試 難関,185,database
uniAdvanced,大学入試 難関,186,territory
uniAdvanced,大学入試 難関,187,stream
uniAdvanced,大学入試 難関,188,height
uniAdvanced,大学入試 難関,189,apparent
uniAdvanced,大学入試 難関,190,expansion
uniAdvanced,大学入試 難関,191,muscle
uniAdvanced,大学入試 難関,192,scare
uniAdvanced,大学入試 難関,193,boundary
uniAdvanced,大学入試 難関,194,ratio
uniAdvanced,大学入試 難関,195,withdraw
uniAdvanced,大学入試 難関,196,disorder
uniAdvanced,大学入試 難関,197,demonstration
uniAdvanced,大学入試 難関,198,analyst
uniAdvanced,大学入試 難関,199,platform
uniAdvanced,大学入試 難関,200,steel
uniAdvanced,大学入試 難関,201,transform
uniAdvanced,大学入試 難関,202,wound
uniAdvanced,大学入試 難関,203,restriction
uniAdvanced,大学入試 難関,204,foundation
uniAdvanced,大学入試 難関,205,designer
uniAdvanced,大学入試 難関,206,strain
uniAdvanced,大学入試 難関,207,innovation
uniAdvanced,大学入試 難関,208,trail
uniAdvanced,大学入試 難関,209,extension
uniAdvanced,大学入試 難関,210,evil
uniAdvanced,大学入試 難関,211,remarkable
uniAdvanced,大学入試 難関,212,invitation
uniAdvanced,大学入試 難関,213,transition
uniAdvanced,大学入試 難関,214,bid
uniAdvanced,大学入試 難関,215,breed
uniAdvanced,大学入試 難関,216,extraordinary
uniAdvanced,大学入試 難関,217,stem
uniAdvanced,大学入試 難関,218,reverse
uniAdvanced,大学入試 難関,219,pose
uniAdvanced,大学入試 難関,220,agricultural
uniAdvanced,大学入試 難関,221,competitor
uniAdvanced,大学入試 難関,222,alcohol
uniAdvanced,大学入試 難関,223,curve
uniAdvanced,大学入試 難関,224,overcome
uniAdvanced,大学入試 難関,225,depth
uniAdvanced,大学入試 難関,226,log
uniAdvanced,大学入試 難関,227,giant
uniAdvanced,大学入試 難関,228,portion
uniAdvanced,大学入試 難関,229,substance
uniAdvanced,大学入試 難関,230,extensive
uniAdvanced,大学入試 難関,231,interpret
uniAdvanced,大学入試 難関,232,consult
uniAdvanced,大学入試 難関,233,strip
uniAdvanced,大学入試 難関,234,intervention
uniAdvanced,大学入試 難関,235,vice
uniAdvanced,大学入試 難関,236,radical
uniAdvanced,大学入試 難関,237,behave
uniAdvanced,大学入試 難関,238,loud
uniAdvanced,大学入試 難関,239,dimension
uniAdvanced,大学入試 難関,240,subsequent
uniAdvanced,大学入試 難関,241,infection
uniAdvanced,大学入試 難関,242,efficiency
uniAdvanced,大学入試 難関,243,resort
uniAdvanced,大学入試 難関,244,iron
uniAdvanced,大学入試 難関,245,broadcast
uniAdvanced,大学入試 難関,246,membership
uniAdvanced,大学入試 難関,247,blind
uniAdvanced,大学入試 難関,248,pure
uniAdvanced,大学入試 難関,249,ally
uniAdvanced,大学入試 難関,250,quantity
uniAdvanced,大学入試 難関,251,mature
uniAdvanced,大学入試 難関,252,sustain
uniAdvanced,大学入試 難関,253,poverty
uniAdvanced,大学入試 難関,254,cite
uniAdvanced,大学入試 難関,255,newly
uniAdvanced,大学入試 難関,256,parallel
uniAdvanced,大学入試 難関,257,sponsor
uniAdvanced,大学入試 難関,258,boot
uniAdvanced,大学入試 難関,259,accurate
uniAdvanced,大学入試 難関,260,dealer
uniAdvanced,大学入試 難関,261,burden
uniAdvanced,大学入試 難関,262,occasionally
uniAdvanced,大学入試 難関,263,discovery
uniAdvanced,大学入試 難関,264,resistance
uniAdvanced,大学入試 難関,265,frequency
uniAdvanced,大学入試 難関,266,philosophy
uniAdvanced,大学入試 難関,267,attribute
uniAdvanced,大学入試 難関,268,approval
uniAdvanced,大学入試 難関,269,grab
uniAdvanced,大学入試 難関,270,entitle
uniAdvanced,大学入試 難関,271,involvement
uniAdvanced,大学入試 難関,272,exposure
uniAdvanced,大学入試 難関,273,conventional
uniAdvanced,大学入試 難関,274,digital
uniAdvanced,大学入試 難関,275,translate
uniAdvanced,大学入試 難関,276,edit
uniAdvanced,大学入試 難関,277,formation
uniAdvanced,大学入試 難関,278,deposit
uniAdvanced,大学入試 難関,279,advocate
uniAdvanced,大学入試 難関,280,establishment
uniAdvanced,大学入試 難関,281,rough
uniAdvanced,大学入試 難関,282,recovery
uniAdvanced,大学入試 難関,283,seal
uniAdvanced,大学入試 難関,284,characterize
uniAdvanced,大学入試 難関,285,specify
uniAdvanced,大学入試 難関,286,exact
uniAdvanced,大学入試 難関,287,spin
uniAdvanced,大学入試 難関,288,operator
uniAdvanced,大学入試 難関,289,infant
uniAdvanced,大学入試 難関,290,drag
uniAdvanced,大学入試 難関,291,mount
uniAdvanced,大学入試 難関,292,wrap
uniAdvanced,大学入試 難関,293,anticipate
uniAdvanced,大学入試 難関,294,dependent
uniAdvanced,大学入試 難関,295,specialize
uniAdvanced,大学入試 難関,296,angle
uniAdvanced,大学入試 難関,297,anxiety
uniAdvanced,大学入試 難関,298,precisely
uniAdvanced,大学入試 難関,299,rival
uniAdvanced,大学入試 難関,300,offense
uniAdvanced,大学入試 難関,301,detect
uniAdvanced,大学入試 難関,302,moderate
uniAdvanced,大学入試 難関,303,surgery
uniAdvanced,大学入試 難関,304,significance
uniAdvanced,大学入試 難関,305,charity
uniAdvanced,大学入試 難関,306,universal
uniAdvanced,大学入試 難関,307,constitute
uniAdvanced,大学入試 難関,308,adequate
uniAdvanced,大学入試 難関,309,consultant
uniAdvanced,大学入試 難関,310,historian
uniAdvanced,大学入試 難関,311,visual
uniAdvanced,大学入試 難関,312,keen
uniAdvanced,大学入試 難関,313,ethnic
uniAdvanced,大学入試 難関,314,twin
uniAdvanced,大学入試 難関,315,clinical
uniAdvanced,大学入試 難関,316,eastern
uniAdvanced,大学入試 難関,317,forecast
uniAdvanced,大学入試 難関,318,segment
uniAdvanced,大学入試 難関,319,adapt
uniAdvanced,大学入試 難関,320,sand
uniAdvanced,大学入試 難関,321,prompt
uniAdvanced,大学入試 難関,322,charm
uniAdvanced,大学入試 難関,323,react
uniAdvanced,大学入試 難関,324,lecture
uniAdvanced,大学入試 難関,325,venture
uniAdvanced,大学入試 難関,326,compound
uniAdvanced,大学入試 難関,327,rescue
uniAdvanced,大学入試 難関,328,mess
uniAdvanced,大学入試 難関,329,preference
uniAdvanced,大学入試 難関,330,comprehensive
uniAdvanced,大学入試 難関,331,incentive
uniAdvanced,大学入試 難関,332,league
uniAdvanced,大学入試 難関,333,dialogue
uniAdvanced,大学入試 難関,334,rapid
uniAdvanced,大学入試 難関,335,dismiss
uniAdvanced,大学入試 難関,336,margin
uniAdvanced,大学入試 難関,337,beneath
uniAdvanced,大学入試 難関,338,opponent
uniAdvanced,大学入試 難関,339,resist
uniAdvanced,大学入試 難関,340,capability
uniAdvanced,大学入試 難関,341,absolute
uniAdvanced,大学入試 難関,342,correspond
uniAdvanced,大学入試 難関,343,stroke
uniAdvanced,大学入試 難関,344,dare
uniAdvanced,大学入試 難関,345,barrier
uniAdvanced,大学入試 難関,346,rid
uniAdvanced,大学入試 難関,347,divorce
uniAdvanced,大学入試 難関,348,tendency
uniAdvanced,大学入試 難関,349,frequent
uniAdvanced,大学入試 難関,350,motor
uniAdvanced,大学入試 難関,351,survival
uniAdvanced,大学入試 難関,352,counter
uniAdvanced,大学入試 難関,353,possess
uniAdvanced,大学入試 難関,354,visible
uniAdvanced,大学入試 難関,355,impressive
uniAdvanced,大学入試 難関,356,evolution
uniAdvanced,大学入試 難関,357,awareness
uniAdvanced,大学入試 難関,358,wealthy
uniAdvanced,大学入試 難関,359,journal
uniAdvanced,大学入試 難関,360,coal
uniAdvanced,大学入試 難関,361,measurement
uniAdvanced,大学入試 難関,362,illustration
uniAdvanced,大学入試 難関,363,burst
uniAdvanced,大学入試 難関,364,privilege
uniAdvanced,大学入試 難関,365,buyer
uniAdvanced,大学入試 難関,366,mutual
uniAdvanced,大学入試 難関,367,rail
uniAdvanced,大学入試 難関,368,motivate
uniAdvanced,大学入試 難関,369,laboratory
uniAdvanced,大学入試 難関,370,mortgage
uniAdvanced,大学入試 難関,371,promotion
uniAdvanced,大学入試 難関,372,passion
uniAdvanced,大学入試 難関,373,champion
uniAdvanced,大学入試 難関,374,fulfill
uniAdvanced,大学入試 難関,375,dedicate
uniAdvanced,大学入試 難関,376,province
uniAdvanced,大学入試 難関,377,evaluation
uniAdvanced,大学入試 難関,378,compromise
uniAdvanced,大学入試 難関,379,accomplish
uniAdvanced,大学入試 難関,380,weakness
uniAdvanced,大学入試 難関,381,announcement
uniAdvanced,大学入試 難関,382,glance
uniAdvanced,大学入試 難関,383,embarrass
uniAdvanced,大学入試 難関,384,genetic
uniAdvanced,大学入試 難関,385,aggressive
uniAdvanced,大学入試 難関,386,format
uniAdvanced,大学入試 難関,387,literary
uniAdvanced,大学入試 難関,388,govern
uniAdvanced,大学入試 難関,389,embrace
uniAdvanced,大学入試 難関,390,praise
uniAdvanced,大学入試 難関,391,silent
uniAdvanced,大学入試 難関,392,pump
uniAdvanced,大学入試 難関,393,publisher
uniAdvanced,大学入試 難関,394,compensation
uniAdvanced,大学入試 難関,395,classical
uniAdvanced,大学入試 難関,396,versus
uniAdvanced,大学入試 難関,397,deficit
uniAdvanced,大学入試 難関,398,modify
uniAdvanced,大学入試 難関,399,flash
uniAdvanced,大学入試 難関,400,profession
uniAdvanced,大学入試 難関,401,literally
uniAdvanced,大学入試 難関,402,equation
uniAdvanced,大学入試 難関,403,gesture
uniAdvanced,大学入試 難関,404,entertain
uniAdvanced,大学入試 難関,405,assign
uniAdvanced,大学入試 難関,406,inflation
uniAdvanced,大学入試 難関,407,historic
uniAdvanced,大学入試 難関,408,therapy
uniAdvanced,大学入試 難関,409,twist
uniAdvanced,大学入試 難関,410,personnel
uniAdvanced,大学入試 難関,411,throat
uniAdvanced,大学入試 難関,412,insight
uniAdvanced,大学入試 難関,413,tackle
uniAdvanced,大学入試 難関,414,exceed
uniAdvanced,大学入試 難関,415,pregnant
uniAdvanced,大学入試 難関,416,reliable
uniAdvanced,大学入試 難関,417,gear
uniAdvanced,大学入試 難関,418,poet
uniAdvanced,大学入試 難関,419,ceremony
uniAdvanced,大学入試 難関,420,mixture
uniAdvanced,大学入試 難関,421,scholar
uniAdvanced,大学入試 難関,422,psychological
uniAdvanced,大学入試 難関,423,stake
uniAdvanced,大学入試 難関,424,partnership
uniAdvanced,大学入試 難関,425,participation
uniAdvanced,大学入試 難関,426,clause
uniAdvanced,大学入試 難関,427,penalty
uniAdvanced,大学入試 難関,428,poetry
uniAdvanced,大学入試 難関,429,clothing
uniAdvanced,大学入試 難関,430,evolve
uniAdvanced,大学入試 難関,431,boost
uniAdvanced,大学入試 難関,432,tail
uniAdvanced,大学入試 難関,433,possession
uniAdvanced,大学入試 難関,434,tale
uniAdvanced,大学入試 難関,435,democratic
uniAdvanced,大学入試 難関,436,maintenance
uniAdvanced,大学入試 難関,437,consequently
uniAdvanced,大学入試 難関,438,pot
uniAdvanced,大学入試 難関,439,strengthen
uniAdvanced,大学入試 難関,440,constraint
uniAdvanced,大学入試 難関,441,fold
uniAdvanced,大学入試 難関,442,bin
uniAdvanced,大学入試 難関,443,undergo
uniAdvanced,大学入試 難関,444,scope
uniAdvanced,大学入試 難関,445,diversity
uniAdvanced,大学入試 難関,446,allege
uniAdvanced,大学入試 難関,447,intense
uniAdvanced,大学入試 難関,448,inquiry
uniAdvanced,大学入試 難関,449,resign
uniAdvanced,大学入試 難関,450,craft
uniAdvanced,大学入試 難関,451,concrete
uniAdvanced,大学入試 難関,452,humor
uniAdvanced,大学入試 難関,453,limitation
uniAdvanced,大学入試 難関,454,stability
uniAdvanced,大学入試 難関,455,neglect
uniAdvanced,大学入試 難関,456,compose
uniAdvanced,大学入試 難関,457,jail
uniAdvanced,大学入試 難関,458,shelter
uniAdvanced,大学入試 難関,459,mere
uniAdvanced,大学入試 難関,460,carbon
uniAdvanced,大学入試 難関,461,regulate
uniAdvanced,大学入試 難関,462,trigger
uniAdvanced,大学入試 難関,463,pipe
uniAdvanced,大学入試 難関,464,destruction
uniAdvanced,大学入試 難関,465,whisper
uniAdvanced,大学入試 難関,466,rear
uniAdvanced,大学入試 難関,467,species
uniAdvanced,大学入試 難関,468,presumably
uniAdvanced,大学入試 難関,469,bless
uniAdvanced,大学入試 難関,470,airline
uniAdvanced,大学入試 難関,471,jury
uniAdvanced,大学入試 難関,472,cooperation
uniAdvanced,大学入試 難関,473,composition
uniAdvanced,大学入試 難関,474,regardless
uniAdvanced,大学入試 難関,475,scan
uniAdvanced,大学入試 難関,476,bunch
uniAdvanced,大学入試 難関,477,racial
uniAdvanced,大学入試 難関,478,hopefully
uniAdvanced,大学入試 難関,479,stimulate
uniAdvanced,大学入試 難関,480,narrative
uniAdvanced,大学入試 難関,481,tissue
uniAdvanced,大学入試 難関,482,barely
uniAdvanced,大学入試 難関,483,tourism
uniAdvanced,大学入試 難関,484,motivation
uniAdvanced,大学入試 難関,485,interior
uniAdvanced,大学入試 難関,486,nowhere
uniAdvanced,大学入試 難関,487,servant
uniAdvanced,大学入試 難関,488,immigrant
uniAdvanced,大学入試 難関,489,excess
uniAdvanced,大学入試 難関,490,complexity
uniAdvanced,大学入試 難関,491,surprisingly
uniAdvanced,大学入試 難関,492,extract
uniAdvanced,大学入試 難関,493,catalog
uniAdvanced,大学入試 難関,494,continuous
uniAdvanced,大学入試 難関,495,guideline
uniAdvanced,大学入試 難関,496,biological
uniAdvanced,大学入試 難関,497,consume
uniAdvanced,大学入試 難関,498,luxury
uniAdvanced,大学入試 難関,499,wherever
uniAdvanced,大学入試 難関,500,firstly
eiken2,英検2級,1,service
eiken2,英検2級,2,whether
eiken2,英検2級,3,term
eiken2,英検2級,4,process
eiken2,英検2級,5,sort
eiken2,英検2級,6,development
eiken2,英検2級,7,per
eiken2,英検2級,8,involve
eiken2,英検2級,9,policy
eiken2,英検2級,10,require
eiken2,英検2級,11,general
eiken2,英検2級,12,individual
eiken2,英検2級,13,decision
eiken2,英検2級,14,available
eiken2,英検2級,15,rise
eiken2,英検2級,16,community
eiken2,英検2級,17,particular
eiken2,英検2級,18,economic
eiken2,英検2級,19,approach
eiken2,英検2級,20,charge
eiken2,英検2級,21,relationship
eiken2,英検2級,22,amount
eiken2,英検2級,23,regard
eiken2,英検2級,24,organization
eiken2,英検2級,25,project
eiken2,英検2級,26,fund
eiken2,英検2級,27,industry
eiken2,英検2級,28,measure
eiken2,英検2級,29,security
eiken2,英検2級,30,benefit
eiken2,英検2級,31,risk
eiken2,英検2級,32,standard
eiken2,英検2級,33,percent
eiken2,英検2級,34,data
eiken2,英検2級,35,total
eiken2,英検2級,36,demand
eiken2,英検2級,37,limit
eiken2,英検2級,38,reduce
eiken2,英検2級,39,current
eiken2,英検2級,40,former
eiken2,英検2級,41,suppose
eiken2,英検2級,42,employee
eiken2,英検2級,43,firm
eiken2,英検2級,44,cell
eiken2,英検2級,45,factor
eiken2,英検2級,46,affect
eiken2,英検2級,47,relate
eiken2,英検2級,48,financial
eiken2,英検2級,49,campaign
eiken2,英検2級,50,pause
eiken2,英検2級,51,contain
eiken2,英検2級,52,press
eiken2,英検2級,53,region
eiken2,英検2級,54,growth
eiken2,英検2級,55,respect
eiken2,英検2級,56,various
eiken2,英検2級,57,thus
eiken2,英検2級,58,medium
eiken2,英検2級,59,stock
eiken2,英検2級,60,management
eiken2,英検2級,61,economy
eiken2,英検2級,62,determine
eiken2,英検2級,63,contract
eiken2,英検2級,64,comment
eiken2,英検2級,65,occur
eiken2,英検2級,66,series
eiken2,英検2級,67,recognize
eiken2,英検2級,68,gain
eiken2,英検2級,69,prove
eiken2,英検2級,70,analysis
eiken2,英検2級,71,election
eiken2,英検2級,72,link
eiken2,英検2級,73,despite
eiken2,英検2級,74,mile
eiken2,英検2級,75,agreement
eiken2,英検2級,76,tax
eiken2,英検2級,77,aim
eiken2,英検2級,78,access
eiken2,英検2級,79,movement
eiken2,英検2級,80,treat
eiken2,英検2級,81,identify
eiken2,英検2級,82,loss
eiken2,英検2級,83,treatment
eiken2,英検2級,84,conference
eiken2,英検2級,85,supply
eiken2,英検2級,86,worth
eiken2,英検2級,87,attend
eiken2,英検2級,88,investment
eiken2,英検2級,89,potential
eiken2,英検2級,90,relation
eiken2,英検2級,91,suffer
eiken2,英検2級,92,tend
eiken2,英検2級,93,advance
eiken2,英検2級,94,network
eiken2,英検2級,95,operation
eiken2,英検2級,96,associate
eiken2,英検2級,97,positive
eiken2,英検2級,98,option
eiken2,英検2級,99,huge
eiken2,英検2級,100,instance
eiken2,英検2級,101,assume
eiken2,英検2級,102,theory
eiken2,英検2級,103,propose
eiken2,英検2級,104,reference
eiken2,英検2級,105,document
eiken2,英検2級,106,pattern
eiken2,英検2級,107,application
eiken2,英検2級,108,obviously
eiken2,英検2級,109,unclear
eiken2,英検2級,110,central
eiken2,英検2級,111,career
eiken2,英検2級,112,throughout
eiken2,英検2級,113,profit
eiken2,英検2級,114,resource
eiken2,英検2級,115,disease
eiken2,英検2級,116,balance
eiken2,英検2級,117,damage
eiken2,英検2級,118,basis
eiken2,英検2級,119,income
eiken2,英検2級,120,property
eiken2,英検2級,121,previous
eiken2,英検2級,122,define
eiken2,英検2級,123,conclusion
eiken2,英検2級,124,object
eiken2,英検2級,125,maintain
eiken2,英検2級,126,extend
eiken2,英検2級,127,possibility
eiken2,英検2級,128,facility
eiken2,英検2級,129,variety
eiken2,英検2級,130,completely
eiken2,英検2級,131,responsibility
eiken2,英検2級,132,nor
eiken2,英検2級,133,candidate
eiken2,英検2級,134,legal
eiken2,英検2級,135,proposal
eiken2,英検2級,136,version
eiken2,英検2級,137,pound
eiken2,英検2級,138,immediately
eiken2,英検2級,139,estimate
eiken2,英検2級,140,purchase
eiken2,英検2級,141,announce
eiken2,英検2級,142,unless
eiken2,英検2級,143,independent
eiken2,英検2級,144,recommend
eiken2,英検2級,145,majority
eiken2,英検2級,146,stick
eiken2,英検2級,147,content
eiken2,英検2級,148,element
eiken2,英検2級,149,effective
eiken2,英検2級,150,beat
eiken2,英検2級,151,aware
eiken2,英検2級,152,trial
eiken2,英検2級,153,stress
eiken2,英検2級,154,administration
eiken2,英検2級,155,complex
eiken2,英検2級,156,directly
eiken2,英検2級,157,remove
eiken2,英検2級,158,conduct
eiken2,英検2級,159,equipment
eiken2,英検2級,160,otherwise
eiken2,英検2級,161,executive
eiken2,英検2級,162,deliver
eiken2,英検2級,163,connection
eiken2,英検2級,164,primary
eiken2,英検2級,165,inform
eiken2,英検2級,166,principle
eiken2,英検2級,167,appeal
eiken2,英検2級,168,highly
eiken2,英検2級,169,absolutely
eiken2,英検2級,170,flow
eiken2,英検2級,171,responsible
eiken2,英検2級,172,hang
eiken2,英検2級,173,relative
eiken2,英検2級,174,alternative
eiken2,英検2級,175,observe
eiken2,英検2級,176,progress
eiken2,英検2級,177,examine
eiken2,英検2級,178,lay
eiken2,英検2級,179,politics
eiken2,英検2級,180,transfer
eikenPre1,英検準1級,1,component
eikenPre1,英検準1級,2,investigate
eikenPre1,英検準1級,3,retain
eikenPre1,英検準1級,4,legislation
eikenPre1,英検準1級,5,contemporary
eikenPre1,英検準1級,6,advocate
eikenPre1,英検準1級,7,equivalent
eikenPre1,英検準1級,8,incorporate
eikenPre1,英検準1級,9,extensive
eikenPre1,英検準1級,10,consistent
eikenPre1,英検準1級,11,regardless
eikenPre1,英検準1級,12,impose
eikenPre1,英検準1級,13,enhance
eikenPre1,英検準1級,14,elite
eikenPre1,英検準1級,15,integrate
eikenPre1,英検準1級,16,imply
eikenPre1,英検準1級,17,sustain
eikenPre1,英検準1級,18,privilege
eikenPre1,英検準1級,19,yield
eikenPre1,英検準1級,20,justify
eikenPre1,英検準1級,21,detect
eikenPre1,英検準1級,22,embrace
eikenPre1,英検準1級,23,foster
eikenPre1,英検準1級,24,attribute
eikenPre1,英検準1級,25,derive
eikenPre1,英検準1級,26,evolve
eikenPre1,英検準1級,27,margin
eikenPre1,英検準1級,28,comprise
eikenPre1,英検準1級,29,fundamental
eikenPre1,英検準1級,30,radical
eikenPre1,英検準1級,31,fraud
eikenPre1,英検準1級,32,subsequent
eikenPre1,英検準1級,33,vital
eikenPre1,英検準1級,34,petition
eikenPre1,英検準1級,35,genuine
eikenPre1,英検準1級,36,bias
eikenPre1,英検準1級,37,comprehensive
eikenPre1,英検準1級,38,exhaust
eikenPre1,英検準1級,39,regulate
eikenPre1,英検準1級,40,render
eikenPre1,英検準1級,41,convict
eikenPre1,英検準1級,42,prominent
eikenPre1,英検準1級,43,substantial
eikenPre1,英検準1級,44,overwhelm
eikenPre1,英検準1級,45,perceive
eikenPre1,英検準1級,46,correspond
eikenPre1,英検準1級,47,controversy
eikenPre1,英検準1級,48,devote
eikenPre1,英検準1級,49,enforce
eikenPre1,英検準1級,50,cease
eikenPre1,英検準1級,51,distinct
eikenPre1,英検準1級,52,crucial
eikenPre1,英検準1級,53,initiate
eikenPre1,英検準1級,54,condemn
eikenPre1,英検準1級,55,utilize
eikenPre1,英検準1級,56,notion
eikenPre1,英検準1級,57,exploit
eikenPre1,英検準1級,58,verify
eikenPre1,英検準1級,59,prohibit
eikenPre1,英検準1級,60,compel
eikenPre1,英検準1級,61,premise
eikenPre1,英検準1級,62,facilitate
eikenPre1,英検準1級,63,merit
eikenPre1,英検準1級,64,dominant
eikenPre1,英検準1級,65,constitute
eikenPre1,英検準1級,66,incentive
eikenPre1,英検準1級,67,cope
eikenPre1,英検準1級,68,diagnose
eikenPre1,英検準1級,69,sanction
eikenPre1,英検準1級,70,identical
eikenPre1,英検準1級,71,testimony
eikenPre1,英検準1級,72,vulnerable
eikenPre1,英検準1級,73,endure
eikenPre1,英検準1級,74,chronic
eikenPre1,英検準1級,75,portray
eikenPre1,英検準1級,76,reinforce
eikenPre1,英検準1級,77,disclose
eikenPre1,英検準1級,78,depict
eikenPre1,英検準1級,79,preliminary
eikenPre1,英検準1級,80,compile
eikenPre1,英検準1級,81,accommodate
eikenPre1,英検準1級,82,aesthetic
eikenPre1,英検準1級,83,neglect
eikenPre1,英検準1級,84,remedy
eikenPre1,英検準1級,85,trait
eikenPre1,英検準1級,86,accelerate
eikenPre1,英検準1級,87,elaborate
eikenPre1,英検準1級,88,merge
eikenPre1,英検準1級,89,immune
eikenPre1,英検準1級,90,plead
eikenPre1,英検準1級,91,halt
eikenPre1,英検準1級,92,excessive
eikenPre1,英検準1級,93,inherit
eikenPre1,英検準1級,94,terminate
eikenPre1,英検準1級,95,prescribe
eikenPre1,英検準1級,96,assert
eikenPre1,英検準1級,97,commence
eikenPre1,英検準1級,98,commodity
eikenPre1,英検準1級,99,innovative
eikenPre1,英検準1級,100,retrieve
eikenPre1,英検準1級,101,grasp
eikenPre1,英検準1級,102,manipulate
eikenPre1,英検準1級,103,precede
eikenPre1,英検準1級,104,outbreak
eikenPre1,英検準1級,105,inevitable
eikenPre1,英検準1級,106,subtle
eikenPre1,英検準1級,107,stimulate
eikenPre1,英検準1級,108,thrive
eikenPre1,英検準1級,109,verdict
eikenPre1,英検準1級,110,tolerate
eikenPre1,英検準1級,111,revive
eikenPre1,英検準1級,112,offset
eikenPre1,英検準1級,113,adequate
eikenPre1,英検準1級,114,sophisticated
eikenPre1,英検準1級,115,authentic
eikenPre1,英検準1級,116,suppress
eikenPre1,英検準1級,117,likewise
eikenPre1,英検準1級,118,diminish
eikenPre1,英検準1級,119,prevail
eikenPre1,英検準1級,120,compensate
eikenPre1,英検準1級,121,counterpart
eikenPre1,英検準1級,122,predecessor
eikenPre1,英検準1級,123,accumulate
eikenPre1,英検準1級,124,conceal
eikenPre1,英検準1級,125,transparent
eikenPre1,英検準1級,126,coincidence
eikenPre1,英検準1級,127,strive
eikenPre1,英検準1級,128,undermine
eikenPre1,英検準1級,129,provoke
eikenPre1,英検準1級,130,prosecute
eikenPre1,英検準1級,131,altitude
eikenPre1,英検準1級,132,surge
eikenPre1,英検準1級,133,obscure
eikenPre1,英検準1級,134,critique
eikenPre1,英検準1級,135,presume
eikenPre1,英検準1級,136,disrupt
eikenPre1,英検準1級,137,explicit
eikenPre1,英検準1級,138,renowned
eikenPre1,英検準1級,139,viable
eikenPre1,英検準1級,140,prejudice
eikenPre1,英検準1級,141,surpass
eikenPre1,英検準1級,142,prolong
eikenPre1,英検準1級,143,profound
eikenPre1,英検準1級,144,robust
eikenPre1,英検準1級,145,fatigue
eikenPre1,英検準1級,146,abolish
eikenPre1,英検準1級,147,orthodox
eikenPre1,英検準1級,148,prone
eikenPre1,英検準1級,149,exaggerate
eikenPre1,英検準1級,150,penetrate
eikenPre1,英検準1級,151,persist
eikenPre1,英検準1級,152,confidential
eikenPre1,英検準1級,153,aspire
eikenPre1,英検準1級,154,oblige
eikenPre1,英検準1級,155,deprive
eikenPre1,英検準1級,156,adverse
eikenPre1,英検準1級,157,embark
eikenPre1,英検準1級,158,recession
eikenPre1,英検準1級,159,hypothesis
eikenPre1,英検準1級,160,vague
eikenPre1,英検準1級,161,plunge
eikenPre1,英検準1級,162,autonomy
eikenPre1,英検準1級,163,arbitrary
eikenPre1,英検準1級,164,catalyst
eikenPre1,英検準1級,165,speculate
eikenPre1,英検準1級,166,precedent
eikenPre1,英検準1級,167,astonish
eikenPre1,英検準1級,168,inherent
eikenPre1,英検準1級,169,notorious
eikenPre1,英検準1級,170,discriminate
eikenPre1,英検準1級,171,reckless
eikenPre1,英検準1級,172,unprecedented
eikenPre1,英検準1級,173,duplicate
eikenPre1,英検準1級,174,deceive
eikenPre1,英検準1級,175,defy
eikenPre1,英検準1級,176,reluctant
eikenPre1,英検準1級,177,devise
eikenPre1,英検準1級,178,precaution
eikenPre1,英検準1級,179,decisive
eikenPre1,英検準1級,180,predominantly
eikenPre1,英検準1級,181,apparatus
eikenPre1,英検準1級,182,formulate
eikenPre1,英検準1級,183,contradict
eikenPre1,英検準1級,184,literal
eikenPre1,英検準1級,185,prevalent
eikenPre1,英検準1級,186,analogy
eikenPre1,英検準1級,187,indulge
eikenPre1,英検準1級,188,abundant
eikenPre1,英検準1級,189,credible
eikenPre1,英検準1級,190,insufficient
eikenPre1,英検準1級,191,outrageous
eikenPre1,英検準1級,192,deteriorate
eikenPre1,英検準1級,193,overturn
eikenPre1,英検準1級,194,defer
eikenPre1,英検準1級,195,prestige
eikenPre1,英検準1級,196,demolish
eikenPre1,英検準1級,197,mediate
eikenPre1,英検準1級,198,rigid
eikenPre1,英検準1級,199,hinder
eikenPre1,英検準1級,200,refrain
toeic,TOEIC頻出,1,post
toeic,TOEIC頻出,2,order
toeic,TOEIC頻出,3,issue
toeic,TOEIC頻出,4,return
toeic,TOEIC頻出,5,cover
toeic,TOEIC頻出,6,project
toeic,TOEIC頻出,7,account
toeic,TOEIC頻出,8,charge
toeic,TOEIC頻出,9,feature
toeic,TOEIC頻出,10,board
toeic,TOEIC頻出,11,sometime
toeic,TOEIC頻出,12,tax
toeic,TOEIC頻出,13,fund
toeic,TOEIC頻出,14,bill
toeic,TOEIC頻出,15,industry
toeic,TOEIC頻出,16,range
toeic,TOEIC頻出,17,forward
toeic,TOEIC頻出,18,statement
toeic,TOEIC頻出,19,announce
toeic,TOEIC頻出,20,address
toeic,TOEIC頻出,21,contract
toeic,TOEIC頻出,22,operate
toeic,TOEIC頻出,23,legal
toeic,TOEIC頻出,24,supply
toeic,TOEIC頻出,25,associate
toeic,TOEIC頻出,26,application
toeic,TOEIC頻出,27,advance
toeic,TOEIC頻出,28,conference
toeic,TOEIC頻出,29,fee
toeic,TOEIC頻出,30,stock
toeic,TOEIC頻出,31,update
toeic,TOEIC頻出,32,launch
toeic,TOEIC頻出,33,authority
toeic,TOEIC頻出,34,income
toeic,TOEIC頻出,35,purchase
toeic,TOEIC頻出,36,commission
toeic,TOEIC頻出,37,deliver
toeic,TOEIC頻出,38,employee
toeic,TOEIC頻出,39,transfer
toeic,TOEIC頻出,40,commercial
toeic,TOEIC頻出,41,agreement
toeic,TOEIC頻出,42,attend
toeic,TOEIC頻出,43,document
toeic,TOEIC頻出,44,investment
toeic,TOEIC頻出,45,annual
toeic,TOEIC頻出,46,insurance
toeic,TOEIC頻出,47,schedule
toeic,TOEIC頻出,48,firm
toeic,TOEIC頻出,49,conduct
toeic,TOEIC頻出,50,division
toeic,TOEIC頻出,51,executive
toeic,TOEIC頻出,52,confirm
toeic,TOEIC頻出,53,estimate
toeic,TOEIC頻出,54,balance
toeic,TOEIC頻出,55,loan
toeic,TOEIC頻出,56,candidate
toeic,TOEIC頻出,57,equipment
toeic,TOEIC頻出,58,payment
toeic,TOEIC頻出,59,promote
toeic,TOEIC頻出,60,profit
toeic,TOEIC頻出,61,strategy
toeic,TOEIC頻出,62,budget
toeic,TOEIC頻出,63,quote
toeic,TOEIC頻出,64,finance
toeic,TOEIC頻出,65,hire
toeic,TOEIC頻出,66,representative
toeic,TOEIC頻出,67,quarter
toeic,TOEIC頻出,68,survey
toeic,TOEIC頻出,69,obtain
toeic,TOEIC頻出,70,client
toeic,TOEIC頻出,71,manufacture
toeic,TOEIC頻出,72,requirement
toeic,TOEIC頻出,73,consumer
toeic,TOEIC頻出,74,approve
toeic,TOEIC頻出,75,expand
toeic,TOEIC頻出,76,branch
toeic,TOEIC頻出,77,sector
toeic,TOEIC頻出,78,aspect
toeic,TOEIC頻出,79,draft
toeic,TOEIC頻出,80,qualify
toeic,TOEIC頻出,81,regulation
toeic,TOEIC頻出,82,revenue
toeic,TOEIC頻出,83,guarantee
toeic,TOEIC頻出,84,corporation
toeic,TOEIC頻出,85,asset
toeic,TOEIC頻出,86,decline
toeic,TOEIC頻出,87,procedure
toeic,TOEIC頻出,88,wage
toeic,TOEIC頻出,89,retire
toeic,TOEIC頻出,90,distribution
toeic,TOEIC頻出,91,acquire
toeic,TOEIC頻出,92,employ
toeic,TOEIC頻出,93,proposal
toeic,TOEIC頻出,94,install
toeic,TOEIC頻出,95,submit
toeic,TOEIC頻出,96,cancel
toeic,TOEIC頻出,97,corporate
toeic,TOEIC頻出,98,implement
toeic,TOEIC頻出,99,attach
toeic,TOEIC頻出,100,permit
toeic,TOEIC頻出,101,appointment
toeic,TOEIC頻出,102,goods
toeic,TOEIC頻出,103,sponsor
toeic,TOEIC頻出,104,expense
toeic,TOEIC頻出,105,proceed
toeic,TOEIC頻出,106,complaint
toeic,TOEIC頻出,107,retail
toeic,TOEIC頻出,108,competitive
toeic,TOEIC頻出,109,exclusive
toeic,TOEIC頻出,110,partnership
toeic,TOEIC頻出,111,personnel
toeic,TOEIC頻出,112,extension
toeic,TOEIC頻出,113,acknowledge
toeic,TOEIC頻出,114,enterprise
toeic,TOEIC頻出,115,arrange
toeic,TOEIC頻出,116,employer
toeic,TOEIC頻出,117,cabinet
toeic,TOEIC頻出,118,discount
toeic,TOEIC頻出,119,transaction
toeic,TOEIC頻出,120,assign
toeic,TOEIC頻出,121,deposit
toeic,TOEIC頻出,122,developer
toeic,TOEIC頻出,123,distribute
toeic,TOEIC頻出,124,promotion
toeic,TOEIC頻出,125,outstanding
toeic,TOEIC頻出,126,salary
toeic,TOEIC頻出,127,replacement
toeic,TOEIC頻出,128,exhibit
toeic,TOEIC頻出,129,carrier
toeic,TOEIC頻出,130,output
toeic,TOEIC頻出,131,shortly
toeic,TOEIC頻出,132,suite
toeic,TOEIC頻出,133,colleague
toeic,TOEIC頻出,134,recruit
toeic,TOEIC頻出,135,administrative
toeic,TOEIC頻出,136,provision
toeic,TOEIC頻出,137,currency
toeic,TOEIC頻出,138,donate
toeic,TOEIC頻出,139,premium
toeic,TOEIC頻出,140,dismiss
toeic,TOEIC頻出,141,electrical
toeic,TOEIC頻出,142,efficient
toeic,TOEIC頻出,143,venue
toeic,TOEIC頻出,144,provider
toeic,TOEIC頻出,145,lately
toeic,TOEIC頻出,146,certificate
toeic,TOEIC頻出,147,lease
toeic,TOEIC頻出,148,patent
toeic,TOEIC頻出,149,terminal
toeic,TOEIC頻出,150,destination
toeic,TOEIC頻出,151,commonly
toeic,TOEIC頻出,152,valid
toeic,TOEIC頻出,153,consult
toeic,TOEIC頻出,154,resign
toeic,TOEIC頻出,155,signature
toeic,TOEIC頻出,156,manual
toeic,TOEIC頻出,157,coordinate
toeic,TOEIC頻出,158,acquisition
toeic,TOEIC頻出,159,pension
toeic,TOEIC頻出,160,headquarters
toeic,TOEIC頻出,161,resume
toeic,TOEIC頻出,162,assignment
toeic,TOEIC頻出,163,donation
toeic,TOEIC頻出,164,negotiate
toeic,TOEIC頻出,165,contractor
toeic,TOEIC頻出,166,exceed
toeic,TOEIC頻出,167,upcoming
toeic,TOEIC頻出,168,agenda
toeic,TOEIC頻出,169,workshop
toeic,TOEIC頻出,170,outline
toeic,TOEIC頻出,171,designate
toeic,TOEIC頻出,172,feedback
toeic,TOEIC頻出,173,specify
toeic,TOEIC頻出,174,installation
toeic,TOEIC頻出,175,architect
toeic,TOEIC頻出,176,outlet
toeic,TOEIC頻出,177,admission
toeic,TOEIC頻出,178,medication
toeic,TOEIC頻出,179,mechanic
toeic,TOEIC頻出,180,furniture
toeic,TOEIC頻出,181,guideline
toeic,TOEIC頻出,182,eligible
toeic,TOEIC頻出,183,ingredient
toeic,TOEIC頻出,184,administrator
toeic,TOEIC頻出,185,renew
toeic,TOEIC頻出,186,revise
toeic,TOEIC頻出,187,occupation
toeic,TOEIC頻出,188,departure
toeic,TOEIC頻出,189,reception
toeic,TOEIC頻出,190,fiscal
toeic,TOEIC頻出,191,dine
toeic,TOEIC頻出,192,inspection
toeic,TOEIC頻出,193,verify
toeic,TOEIC頻出,194,prohibit
toeic,TOEIC頻出,195,authorize
toeic,TOEIC頻出,196,facilitate
toeic,TOEIC頻出,197,trainer
toeic,TOEIC頻出,198,dock
toeic,TOEIC頻出,199,incentive
toeic,TOEIC頻出,200,submission
toeic,TOEIC頻出,201,affordable
toeic,TOEIC頻出,202,portfolio
toeic,TOEIC頻出,203,grocery
toeic,TOEIC頻出,204,audit
toeic,TOEIC頻出,205,loyalty
toeic,TOEIC頻出,206,depart
toeic,TOEIC頻出,207,fabric
toeic,TOEIC頻出,208,overnight
toeic,TOEIC頻出,209,warehouse
toeic,TOEIC頻出,210,deadline
toeic,TOEIC頻出,211,inventory
toeic,TOEIC頻出,212,disclose
toeic,TOEIC頻出,213,identification
toeic,TOEIC頻出,214,subscribe
toeic,TOEIC頻出,215,recipient
toeic,TOEIC頻出,216,comply
toeic,TOEIC頻出,217,delegate
toeic,TOEIC頻出,218,consecutive
toeic,TOEIC頻出,219,reservation
toeic,TOEIC頻出,220,subscription
toeic,TOEIC頻出,221,advisor
toeic,TOEIC頻出,222,fare
toeic,TOEIC頻出,223,accommodate
toeic,TOEIC頻出,224,duration
toeic,TOEIC頻出,225,expire
toeic,TOEIC頻出,226,instructor
toeic,TOEIC頻出,227,productivity
toeic,TOEIC頻出,228,tenant
toeic,TOEIC頻出,229,notify
toeic,TOEIC頻出,230,alike
toeic,TOEIC頻出,231,availability
toeic,TOEIC頻出,232,receipt
toeic,TOEIC頻出,233,applicant
toeic,TOEIC頻出,234,dental
toeic,TOEIC頻出,235,refund
toeic,TOEIC頻出,236,supervisor
toeic,TOEIC頻出,237,innovative
toeic,TOEIC頻出,238,workplace
toeic,TOEIC頻出,239,compact
toeic,TOEIC頻出,240,clerk
toeic,TOEIC頻出,241,precede
toeic,TOEIC頻出,242,merger
toeic,TOEIC頻出,243,automobile
toeic,TOEIC頻出,244,dial
toeic,TOEIC頻出,245,machinery
toeic,TOEIC頻出,246,cater
toeic,TOEIC頻出,247,patron
toeic,TOEIC頻出,248,shipment
toeic,TOEIC頻出,249,merchandise
toeic,TOEIC頻出,250,lounge
toeic,TOEIC頻出,251,postpone
toeic,TOEIC頻出,252,inspect
toeic,TOEIC頻出,253,thorough
toeic,TOEIC頻出,254,flu
toeic,TOEIC頻出,255,beverage
toeic,TOEIC頻出,256,overtime
toeic,TOEIC頻出,257,technician
toeic,TOEIC頻出,258,accountant
toeic,TOEIC頻出,259,drawer
toeic,TOEIC頻出,260,supervise
toeic,TOEIC頻出,261,renovation
toeic,TOEIC頻出,262,presenter
toeic,TOEIC頻出,263,sincerely
toeic,TOEIC頻出,264,memo
toeic,TOEIC頻出,265,appliance
toeic,TOEIC頻出,266,bulletin
toeic,TOEIC頻出,267,relocate
toeic,TOEIC頻出,268,incomplete
toeic,TOEIC頻出,269,enclose
toeic,TOEIC頻出,270,paperwork
toeic,TOEIC頻出,271,commute
toeic,TOEIC頻出,272,aisle
toeic,TOEIC頻出,273,newsletter
toeic,TOEIC頻出,274,luggage
toeic,TOEIC頻出,275,warranty
toeic,TOEIC頻出,276,attendant
toeic,TOEIC頻出,277,inconvenience
toeic,TOEIC頻出,278,renovate
toeic,TOEIC頻出,279,baggage
toeic,TOEIC頻出,280,courier
toeic,TOEIC頻出,281,caller
toeic,TOEIC頻出,282,shopper
toeic,TOEIC頻出,283,inquire
toeic,TOEIC頻出,284,coworker
toeic,TOEIC頻出,285,banquet
toeic,TOEIC頻出,286,trainee
toeic,TOEIC頻出,287,commuter
toeic,TOEIC頻出,288,seldom
toeic,TOEIC頻出,289,attendee
toeic,TOEIC頻出,290,questionnaire
toeic,TOEIC頻出,291,brochure
toeic,TOEIC頻出,292,invoice
toeic,TOEIC頻出,293,reschedule
toeic,TOEIC頻出,294,complimentary
toeic,TOEIC頻出,295,itinerary
toeic,TOEIC頻出,296,stationery
toeic,TOEIC頻出,297,briefcase
toeic,TOEIC頻出,298,photocopy
toeic,TOEIC頻出,299,refreshments
toeic,TOEIC頻出,300,copier
